id,name,website,fax,industry,lead_provide_by,description,lead_source,lead_status,assign_to,assign_by,created_at,updated_at
792,"Smoke Check Wrestling",,,Graphics,53,,"click.com - Retention",new,6,6,2026-06-19T01:07:41.000000Z,2026-06-18T21:07:10.000000Z
793,"RW Customs Llc",,,Graphics,53,Blacklisted,"click.com - Retention",new,,,2026-06-19T01:18:09.000000Z,2026-06-19T01:18:09.000000Z
794,"Sam I Am Designz",,,Graphics,53,Blacklisted,"click.com - Retention",new,,,2026-06-19T01:18:10.000000Z,2026-06-19T01:18:10.000000Z
795,"Page 27 Designs",www.page27designs.com,,Graphics,53,,"click.com - Retention",new,,,2026-06-19T01:18:11.000000Z,2026-06-19T01:18:11.000000Z
796,"JTs Shirt Shack",,,Graphics,53,,"click.com - Retention",new,,,2026-06-19T01:18:12.000000Z,2026-06-19T01:18:12.000000Z
797,"Emme By Michal",emmebymichal.com,,Graphics,53,,"click.com - Retention",new,,,2026-06-19T01:18:12.000000Z,2026-06-19T01:18:12.000000Z
798,"R P & G Printing",rpandg.com,,Graphics,53,,"click.com - Retention",new,,,2026-06-19T01:18:13.000000Z,2026-06-19T01:18:13.000000Z
799,"Artcraft Sign Company",artcraftsign.com,,Graphics,53,,"click.com - Retention",new,,,2026-06-19T01:18:14.000000Z,2026-06-19T01:18:14.000000Z
800,"AAA BRAND ANYTHING",www.aaa-advertising.com,,Graphics,53,,"click.com - Retention",new,,,2026-06-19T01:18:15.000000Z,2026-06-19T01:18:15.000000Z
801,"Edge Apparel",myspiritwear.com,,Graphics,53,,"click.com - Retention",new,,,2026-06-19T01:18:16.000000Z,2026-06-19T01:18:16.000000Z
802,"Mailing Pros Inc",mailingprosinc.com,,Graphics,53,,"click.com - Retention",new,,,2026-06-19T01:18:17.000000Z,2026-06-19T01:18:17.000000Z
803,"Eduardo Salamanca Individual",,,Graphics,53,,"click.com - Retention",new,,,2026-06-19T01:18:18.000000Z,2026-06-19T01:18:18.000000Z
804,"McKaig Sports",,,Graphics,53,,"click.com - Retention",new,,,2026-06-19T01:18:19.000000Z,2026-06-19T01:18:19.000000Z
805,"Rusty Rooster Fabrication & Design",www.rustyroostermetal.com,,Graphics,53,Blacklisted,"click.com - Retention",new,,,2026-06-19T01:18:20.000000Z,2026-06-19T01:18:20.000000Z
806,"Out Of Bounds LLC",,,Graphics,53,,"click.com - Retention",new,,,2026-06-19T01:18:21.000000Z,2026-06-19T01:18:21.000000Z
807,"Better Graphics",bettergraphics.com,,Graphics,53,,"click.com - Retention",new,,,2026-06-19T01:18:22.000000Z,2026-06-19T01:18:22.000000Z
808,"PRO FORMA ONE SOLUTION",proformaonesolution.com,,Graphics,53,,"click.com - Retention",new,,,2026-06-19T01:18:22.000000Z,2026-06-19T01:18:22.000000Z
809,Toragrafix,toragrafix.com,,Graphics,53,,"click.com - Retention",new,,,2026-06-19T01:18:23.000000Z,2026-06-19T01:18:23.000000Z
810,"Foxy Traveler Productions",,,Graphics,53,,"click.com - Retention",new,,,2026-06-19T01:18:23.000000Z,2026-06-19T01:18:23.000000Z
811,"KB Smartwear",kbsmartwear.net,,Graphics,53,,"click.com - Retention",new,,,2026-06-19T01:18:24.000000Z,2026-06-19T01:18:24.000000Z
812,Divinipress,divinipress.com,,Graphics,53,,"click.com - Retention",new,,,2026-06-19T01:18:24.000000Z,2026-06-19T01:18:24.000000Z
813,"Smith & Sons Printer Inc",ssprintinc.com,,Graphics,53,Blacklisted,"click.com - Retention",new,,,2026-06-19T01:18:25.000000Z,2026-06-19T01:18:25.000000Z
814,"Its Personal Embroidery",its-personal-embroidery.ueniweb.com,,Graphics,53,,"click.com - Retention",new,,,2026-06-19T01:18:25.000000Z,2026-06-19T01:18:25.000000Z
815,"Minuteman Press Brattleboro Store",minuteman.com/us/locations/vt/brattleboro/,,Graphics,53,,"click.com - Retention",new,,,2026-06-19T01:18:25.000000Z,2026-06-19T01:18:25.000000Z
816,"Bevils Custom Fabrication LLC",,,Graphics,53,,"click.com - Retention",new,,,2026-06-19T01:18:26.000000Z,2026-06-19T01:18:26.000000Z
817,HartSewn,,,Graphics,53,,"click.com - Retention",new,,,2026-06-19T01:18:26.000000Z,2026-06-19T01:18:26.000000Z
818,"Scorpion Sales",scorpionsales.biz,,Graphics,53,,"click.com - Retention",new,,,2026-06-19T01:18:27.000000Z,2026-06-19T01:18:27.000000Z
819,"Help Your Brand",helpyourbrand.com,,Graphics,53,,"click.com - Retention",new,,,2026-06-19T01:18:27.000000Z,2026-06-19T01:18:27.000000Z
820,"Locator International Ltd",www.locatorinternational.com,,Graphics,53,,"click.com - Retention",new,,,2026-06-19T01:18:28.000000Z,2026-06-19T01:18:28.000000Z
821,"James Armstead",,,Graphics,53,,"click.com - Retention",new,,,2026-06-19T01:18:29.000000Z,2026-06-19T01:18:29.000000Z
822,"Your Partner Promotions INC.",www.yourpartnerpromotions.com,,Graphics,53,,"click.com - Retention",new,,,2026-06-19T01:18:29.000000Z,2026-06-19T01:18:29.000000Z
823,"Pryor Signs",,,Graphics,53,,"click.com - Retention",new,,,2026-06-19T01:18:30.000000Z,2026-06-19T01:18:30.000000Z
824,"Country Embroidery",,,Graphics,53,,"click.com - Retention",new,,,2026-06-19T01:18:30.000000Z,2026-06-19T01:18:30.000000Z
825,"Big Frog Custom",www.bigfrog.com/roundrock/,,Graphics,53,,"click.com - Retention",new,,,2026-06-19T01:18:31.000000Z,2026-06-19T01:18:31.000000Z
826,"Medina Communication",medinacom.com,,Graphics,53,,"click.com - Retention",new,,,2026-06-19T01:18:31.000000Z,2026-06-19T01:18:31.000000Z
827,"The Print Shop Of Chiefland",www.printshopofchiefland.com,,Graphics,53,,"click.com - Retention",new,,,2026-06-19T01:18:31.000000Z,2026-06-19T01:18:31.000000Z
828,"Jac Zagoory Designs",www.jzswag.com,,Graphics,53,,"click.com - Retention",new,,,2026-06-19T01:18:32.000000Z,2026-06-19T01:18:32.000000Z
829,"Lucid Ink Printing",www.lucidinkprinting.com,,Graphics,53,,"click.com - Retention",new,,,2026-06-19T01:18:33.000000Z,2026-06-19T01:18:33.000000Z
830,Galeos,www.galeoscafe.com,,Graphics,53,Blacklisted,"click.com - Retention",new,,,2026-06-19T01:18:33.000000Z,2026-06-19T01:18:33.000000Z
831,"Coastal Clean Pressure Pros LLC",,,Graphics,53,,"click.com - Retention",new,,,2026-06-19T01:18:34.000000Z,2026-06-19T01:18:34.000000Z
832,"Unlimited Promotions Inc.",unlimitedpromotions.com,,Graphics,53,,"click.com - Retention",new,,,2026-06-19T01:18:34.000000Z,2026-06-19T01:18:34.000000Z
833,"Boss Boss Radio",www.bossbossradio.com,,Graphics,53,,"click.com - Retention",new,,,2026-06-19T01:18:35.000000Z,2026-06-19T01:18:35.000000Z
834,"Denny Kollmeyer Products",,,Graphics,53,,"click.com - Retention",new,,,2026-06-19T01:18:35.000000Z,2026-06-19T01:18:35.000000Z
835,"QBF Graphics",www.qbfgraphics.com,,Graphics,53,,"click.com - Retention",new,,,2026-06-19T01:18:36.000000Z,2026-06-19T01:18:36.000000Z
836,"Creative Business Forms",cbf1.com,,Graphics,53,,"click.com - Retention",new,,,2026-06-19T01:18:37.000000Z,2026-06-19T01:18:37.000000Z
837,"Blackjack Media Group",blackjackmg.com,,Graphics,53,,"click.com - Retention",new,,,2026-06-19T01:18:37.000000Z,2026-06-19T01:18:37.000000Z
838,"Execu-Gifts Inc",execugifts.net,,Graphics,53,,"click.com - Retention",new,,,2026-06-19T01:18:38.000000Z,2026-06-19T01:18:38.000000Z
839,"Inkterprise INC",https://inkterprise.com,,Graphics,53,,"click.com - Retention",new,,,2026-06-19T01:18:38.000000Z,2026-06-19T01:18:38.000000Z
840,"Wholesale Printing",wsprintingusa.com,,Graphics,53,,"click.com - Retention",new,,,2026-06-19T01:18:38.000000Z,2026-06-19T01:18:38.000000Z
841,"One Step Beyond Apparel",osbapparel.com,,Graphics,53,,"click.com - Retention",new,,,2026-06-19T01:18:39.000000Z,2026-06-19T01:18:39.000000Z
842,"WG Marketing Firm",,,Graphics,53,,"click.com - Retention",new,,,2026-06-19T01:18:40.000000Z,2026-06-19T01:18:40.000000Z
843,"Avalon Specialties Inc",avalonspecialties.com,,Graphics,53,,"click.com - Retention",new,,,2026-06-19T01:18:40.000000Z,2026-06-19T01:18:40.000000Z
844,"Czar Press Inc",czarpress.com,,Graphics,53,,"click.com - Retention",new,,,2026-06-19T01:18:41.000000Z,2026-06-19T01:18:41.000000Z
845,"Revere Printing Inc",,,Graphics,53,,"click.com - Retention",new,,,2026-06-19T01:18:41.000000Z,2026-06-19T01:18:41.000000Z
846,"Screem Printing",screemprinting.com,,Graphics,53,,"click.com - Retention",new,,,2026-06-19T01:18:42.000000Z,2026-06-19T01:18:42.000000Z
847,"Teddy Gramz",,,Graphics,53,Blacklisted,"click.com - Retention",new,,,2026-06-19T01:18:43.000000Z,2026-06-19T01:18:43.000000Z
848,"Acme Business Source",acmesource.com,,Graphics,53,,"click.com - Retention",new,,,2026-06-19T01:18:43.000000Z,2026-06-19T01:18:43.000000Z
849,"Her Image Designz LLC",,,Graphics,53,Blacklisted,"click.com - Retention",new,,,2026-06-19T01:18:43.000000Z,2026-06-19T01:18:43.000000Z
850,"A Plus Signs",aplusignstx.com,,Graphics,53,,"click.com - Retention",new,,,2026-06-19T01:18:44.000000Z,2026-06-19T01:18:44.000000Z
851,"Wrapcity Vinyl",swoodacc@aol.com,,Graphics,53,,"click.com - Retention",new,,,2026-06-19T01:18:44.000000Z,2026-06-19T01:18:44.000000Z
852,"Stitch N Print",,,Graphics,53,,"click.com - Retention",new,,,2026-06-19T01:18:45.000000Z,2026-06-19T01:18:45.000000Z
853,"Fashion Victim Inc  Expert Screen Printing",fashionvictim.com,,Graphics,53,,"click.com - Retention",new,,,2026-06-19T01:18:45.000000Z,2026-06-19T01:18:45.000000Z
854,"Photo Confections Inc.",,,Graphics,53,,"click.com - Retention",new,,,2026-06-19T01:18:46.000000Z,2026-06-19T01:18:46.000000Z
855,"Witch Meadow Campground",witchmeadowcampground.com,,Graphics,53,,"click.com - Retention",new,,,2026-06-19T01:18:46.000000Z,2026-06-19T01:18:46.000000Z
856,TuskPrint,.,,Graphics,53,,"click.com - Retention",new,,,2026-06-19T01:18:47.000000Z,2026-06-19T01:18:47.000000Z
857,"TMT Event Co",tmteventco.com,,Graphics,53,,"click.com - Retention",new,,,2026-06-19T01:18:48.000000Z,2026-06-19T01:18:48.000000Z
858,"FitKit Wellness",fitkit.com,,Graphics,53,,"click.com - Retention",new,,,2026-06-19T01:18:49.000000Z,2026-06-19T01:18:49.000000Z
859,"All Wrapped Up",allwrappeduppromos.com,,Graphics,53,,"click.com - Retention",new,,,2026-06-19T01:18:49.000000Z,2026-06-19T01:18:49.000000Z
860,"Marquis Developments LLC",,,Graphics,53,,"click.com - Retention",new,,,2026-06-19T01:18:50.000000Z,2026-06-19T01:18:50.000000Z
861,"Tailored Promotions",tailoredpromos.com,,Graphics,53,,"click.com - Retention",new,,,2026-06-19T01:18:50.000000Z,2026-06-19T01:18:50.000000Z
862,"The Awards Shop",theawardsshop.com,,Graphics,53,,"click.com - Retention",new,,,2026-06-19T01:18:51.000000Z,2026-06-19T01:18:51.000000Z
863,"Select Imaging",selectimaging.com,,Graphics,53,,"click.com - Retention",new,,,2026-06-19T01:18:51.000000Z,2026-06-19T01:18:51.000000Z
864,"Print Operations",,,Graphics,53,,"click.com - Retention",new,,,2026-06-19T01:18:52.000000Z,2026-06-19T01:18:52.000000Z
865,"Ascend Marketing Inc",,,Graphics,53,,"click.com - Retention",new,,,2026-06-19T01:18:52.000000Z,2026-06-19T01:18:52.000000Z
866,"The Visual Edge Signs",,,Graphics,53,Blacklisted,"click.com - Retention",new,,,2026-06-19T01:18:53.000000Z,2026-06-19T01:18:53.000000Z
867,"Rose Country Promotions",,,Graphics,53,,"click.com - Retention",new,,,2026-06-19T01:18:53.000000Z,2026-06-19T01:18:53.000000Z
868,"Neon Lighting & Electric Signs",,,Graphics,53,,"click.com - Retention",new,,,2026-06-19T01:18:53.000000Z,2026-06-19T01:18:53.000000Z
869,"Andy S Atomic Graphics",,,Graphics,53,,"click.com - Retention",new,,,2026-06-19T01:18:54.000000Z,2026-06-19T01:18:54.000000Z
870,"T Shirt Time",,,Graphics,53,,"click.com - Retention",new,,,2026-06-19T01:18:54.000000Z,2026-06-19T01:18:54.000000Z
871,"Realty Sign Service",,,Graphics,53,,"click.com - Retention",new,,,2026-06-19T01:18:55.000000Z,2026-06-19T01:18:55.000000Z
872,Printing4Him,,,Graphics,53,,"click.com - Retention",new,,,2026-06-19T01:18:55.000000Z,2026-06-19T01:18:55.000000Z
873,"Callahan Signs",,,Graphics,53,,"click.com - Retention",new,,,2026-06-19T01:18:56.000000Z,2026-06-19T01:18:56.000000Z
874,"Quaglia Brothers LLC",,,Graphics,53,Blacklisted,"click.com - Retention",new,,,2026-06-19T01:18:56.000000Z,2026-06-19T01:18:56.000000Z
875,"Georgetown Sign Company",,,Graphics,53,,"click.com - Retention",new,,,2026-06-19T01:18:56.000000Z,2026-06-19T01:18:56.000000Z
876,"Custom Merchandise Solutions",,,Graphics,53,,"click.com - Retention",new,,,2026-06-19T01:18:57.000000Z,2026-06-19T01:18:57.000000Z
877,"24hour Digitizing",,,Graphics,53,,"click.com - Retention",new,,,2026-06-19T01:18:58.000000Z,2026-06-19T01:18:58.000000Z
878,"B&B Digital Print",www.bbdigitalprint.com,,Graphics,53,Blacklisted,"click.com - Retention",new,,,2026-06-19T01:18:58.000000Z,2026-06-19T01:18:58.000000Z
879,"Silky Screens",,,Graphics,53,,"click.com - Retention",new,,,2026-06-19T01:18:59.000000Z,2026-06-19T01:18:59.000000Z
880,MerchUnlimited,merchunlimitedllc.com,,Graphics,53,,"click.com - Retention",new,,,2026-06-19T01:18:59.000000Z,2026-06-19T01:18:59.000000Z
881,"Ad Pro Specialties",www.adpropromo.com,,Graphics,53,,"click.com - Retention",new,,,2026-06-19T01:18:59.000000Z,2026-06-19T01:18:59.000000Z
882,"Vivid Prints & More",vividprintsandmore.com,,Graphics,53,,"click.com - Retention",new,,,2026-06-19T01:19:00.000000Z,2026-06-19T01:19:00.000000Z
883,"Embree Sign Company",embreesign.com,,Graphics,53,,"click.com - Retention",new,,,2026-06-19T01:19:00.000000Z,2026-06-19T01:19:00.000000Z
884,"Commercial Graphics Print And Design",commercialgraphicsofmi.com,,Graphics,53,,"click.com - Retention",new,,,2026-06-19T01:19:01.000000Z,2026-06-19T01:19:01.000000Z
885,"JS Designs LLC",,,Graphics,53,,"click.com - Retention",new,,,2026-06-19T01:19:02.000000Z,2026-06-19T01:19:02.000000Z
886,"Springfield Printing Inc",springfieldprintingink.com,,Graphics,53,,"click.com - Retention",new,,,2026-06-19T01:19:02.000000Z,2026-06-19T01:19:02.000000Z
887,"Think Green Promos",thinkgreenpromos.com,,Graphics,53,,"click.com - Retention",new,,,2026-06-19T01:19:03.000000Z,2026-06-19T01:19:03.000000Z
888,"Seth Signs",,,Graphics,53,,"click.com - Retention",new,,,2026-06-19T01:19:03.000000Z,2026-06-19T01:19:03.000000Z
889,"Qito Sportswear",,,Graphics,53,,"click.com - Retention",new,,,2026-06-19T01:19:04.000000Z,2026-06-19T01:19:04.000000Z
890,"Hi-Tech Ad Specialties Inc",,,Graphics,53,,"click.com - Retention",new,,,2026-06-19T01:19:04.000000Z,2026-06-19T01:19:04.000000Z
891,"The Copy Shoppe",,,Graphics,53,,"click.com - Retention",new,,,2026-06-19T01:19:04.000000Z,2026-06-19T01:19:04.000000Z
892,"Image360 Lynchburg",,,Graphics,53,,"click.com - Retention",new,,,2026-06-19T01:19:05.000000Z,2026-06-19T01:19:05.000000Z
893,"Mr. Signs",,,Graphics,53,,"click.com - Retention",new,,,2026-06-19T01:19:05.000000Z,2026-06-19T01:19:05.000000Z
894,"Stafford Graphics Inc",,,Graphics,53,Blacklisted,"click.com - Retention",new,,,2026-06-19T01:19:06.000000Z,2026-06-19T01:19:06.000000Z
895,"Print Force One LLC",,,Graphics,53,,"click.com - Retention",new,,,2026-06-19T01:19:06.000000Z,2026-06-19T01:19:06.000000Z
896,"I MAGIN GRAPHICS",imagingraphics.com,,Graphics,53,,"click.com - Retention",new,,,2026-06-19T01:19:06.000000Z,2026-06-19T01:19:06.000000Z
897,"Ameri Form Printing & Graphic Design Inc",ameri-form.com,,Graphics,53,,"click.com - Retention",new,,,2026-06-19T01:19:07.000000Z,2026-06-19T01:19:07.000000Z
898,"K And S Promo",kandspromo.com,,Graphics,53,,"click.com - Retention",new,,,2026-06-19T01:19:07.000000Z,2026-06-19T01:19:07.000000Z
899,"Perfect Performance",,,Graphics,53,,"click.com - Retention",new,,,2026-06-19T01:19:08.000000Z,2026-06-19T01:19:08.000000Z
900,"Stitch N Swag",stitchnswag.com,,Graphics,53,Blacklisted,"click.com - Retention",new,,,2026-06-19T01:19:08.000000Z,2026-06-19T01:19:08.000000Z
901,"Arkansas Sign & Barricade",asbtrafficcontrol.com,,Graphics,53,,"click.com - Retention",new,,,2026-06-19T01:19:08.000000Z,2026-06-19T01:19:08.000000Z
902,"Rite Print Inc",,,Graphics,53,,"click.com - Retention",new,,,2026-06-19T01:19:09.000000Z,2026-06-19T01:19:09.000000Z
903,"Center Stage Floors",,,Graphics,53,Blacklisted,"click.com - Retention",new,,,2026-06-19T01:19:09.000000Z,2026-06-19T01:19:09.000000Z
904,"Tonic Design House",tonicdesignhouse.com,,Graphics,53,,"click.com - Retention",new,,,2026-06-19T01:19:09.000000Z,2026-06-19T01:19:09.000000Z
905,"Deans Graphics",deansgraphics.com,,Graphics,53,Blacklisted,"click.com - Retention",new,,,2026-06-19T01:19:10.000000Z,2026-06-19T01:19:10.000000Z
906,"B&B Screen Printing",bbscreenprint.com,,Graphics,53,,"click.com - Retention",new,,,2026-06-19T01:19:10.000000Z,2026-06-19T01:19:10.000000Z
907,"Infinite Graphic Resources Inc",,,Graphics,53,,"click.com - Retention",new,,,2026-06-19T01:19:10.000000Z,2026-06-19T01:19:10.000000Z
908,"Art Sign Co",artsignga.com,,Graphics,53,,"click.com - Retention",new,,,2026-06-19T01:19:10.000000Z,2026-06-19T01:19:10.000000Z
909,"Simple Wolf, LLC",simplewolfmedia.com,,Graphics,53,,"click.com - Retention",new,,,2026-06-19T01:19:11.000000Z,2026-06-19T01:19:11.000000Z
910,"A Mark T Shirts",amarktshirts.com,,Graphics,53,,"click.com - Retention",new,,,2026-06-19T01:19:12.000000Z,2026-06-19T01:19:12.000000Z
911,"Trifecta Ink",promoplace.com/trifectaink/,,Graphics,53,,"click.com - Retention",new,,,2026-06-19T01:19:12.000000Z,2026-06-19T01:19:12.000000Z
912,"FUSE Printing",fusepromos.com,,Graphics,53,,"click.com - Retention",new,,,2026-06-19T01:19:13.000000Z,2026-06-19T01:19:13.000000Z
913,"Khalsa Marketing Inc",,,Graphics,53,Blacklisted,"click.com - Retention",new,,,2026-06-19T01:19:13.000000Z,2026-06-19T01:19:13.000000Z
914,"Comp Solutions LLC",compsolutionsllc.net,,Graphics,53,,"click.com - Retention",new,,,2026-06-19T01:19:14.000000Z,2026-06-19T01:19:14.000000Z
915,"The Shirt Shark",,,Graphics,53,,"click.com - Retention",new,,,2026-06-19T01:19:14.000000Z,2026-06-19T01:19:14.000000Z
916,"Image360 Palm Harbor Creative",,,Graphics,53,,"click.com - Retention",new,,,2026-06-19T01:19:15.000000Z,2026-06-19T01:19:15.000000Z
917,"SEBLY PROMO",sebly.com,,Graphics,53,,"click.com - Retention",new,,,2026-06-19T01:19:15.000000Z,2026-06-19T01:19:15.000000Z
918,"Signsmiths Of Texas",signsmithsoftx.com,,Graphics,53,,"click.com - Retention",new,,,2026-06-19T01:19:16.000000Z,2026-06-19T01:19:16.000000Z
919,"Z2 Bags",,,Graphics,53,,"click.com - Retention",new,,,2026-06-19T01:19:16.000000Z,2026-06-19T01:19:16.000000Z
920,"Pin High Inc",pinhighinc.com,,Graphics,53,,"click.com - Retention",new,,,2026-06-19T01:19:17.000000Z,2026-06-19T01:19:17.000000Z
921,"Ryan Huff",qualified-apparel.com,,Graphics,53,,"click.com - Retention",new,,,2026-06-19T01:19:17.000000Z,2026-06-19T01:19:17.000000Z
922,"Garcia Wraps",,,Graphics,53,,"click.com - Retention",new,,,2026-06-19T01:19:18.000000Z,2026-06-19T01:19:18.000000Z
923,"Bay Northwest",,,Graphics,53,,"click.com - Retention",new,,,2026-06-19T01:19:18.000000Z,2026-06-19T01:19:18.000000Z
924,"Moore Enterprise Inc",www.mooreenterpriseinc.com,,Graphics,53,,"click.com - Retention",new,,,2026-06-19T01:19:19.000000Z,2026-06-19T01:19:19.000000Z
925,"WPP LLC",wpp-promo.com,,Graphics,53,,"click.com - Retention",new,,,2026-06-19T01:19:19.000000Z,2026-06-19T01:19:19.000000Z
926,"Hartmann Taylor Wealth Management",www.hartmanntaylor.com,,Graphics,53,Blacklisted,"click.com - Retention",new,,,2026-06-19T01:19:20.000000Z,2026-06-19T01:19:20.000000Z
927,"Zoppa Studio LLC",zoppastudio.com,,Graphics,53,,"click.com - Retention",new,,,2026-06-19T01:19:20.000000Z,2026-06-19T01:19:20.000000Z
928,"Coons Trim Company",,,Graphics,53,,"click.com - Retention",new,,,2026-06-19T01:19:20.000000Z,2026-06-19T01:19:20.000000Z
929,"K & R Crafts",,,Graphics,53,,"click.com - Retention",new,,,2026-06-19T01:19:21.000000Z,2026-06-19T01:19:21.000000Z
930,"4110 Media",www.4110media.com,,Graphics,53,Blacklisted,"click.com - Retention",new,,,2026-06-19T01:19:21.000000Z,2026-06-19T01:19:21.000000Z
931,"Ad Cetera Inc",adceterapromos.com,,Graphics,53,,"click.com - Retention",new,,,2026-06-19T01:19:22.000000Z,2026-06-19T01:19:22.000000Z
932,"Expressions To Wear",etw2000.com,,Graphics,53,,"click.com - Retention",new,,,2026-06-19T01:19:23.000000Z,2026-06-19T01:19:23.000000Z
933,"A To Z Sign Company",,,Graphics,53,,"click.com - Retention",new,,,2026-06-19T01:19:23.000000Z,2026-06-19T01:19:23.000000Z
934,"WS Apparel",,,Graphics,53,,"click.com - Retention",new,,,2026-06-19T01:19:24.000000Z,2026-06-19T01:19:24.000000Z
935,"Embroidery Collie",,,Graphics,53,,"click.com - Retention",new,,,2026-06-19T01:19:24.000000Z,2026-06-19T01:19:24.000000Z
936,"Fastsigns Longview Texas",www.fastsigns.com/379,,Graphics,53,Blacklisted,"click.com - Retention",new,,,2026-06-19T01:19:25.000000Z,2026-06-19T01:19:25.000000Z
937,Ellaprint,ellaprint.com,,Graphics,53,,"click.com - Retention",new,,,2026-06-19T01:19:25.000000Z,2026-06-19T01:19:25.000000Z
938,"Oakmead Printing Inc.",oakmead.com,,Graphics,53,,"click.com - Retention",new,,,2026-06-19T01:19:25.000000Z,2026-06-19T01:19:25.000000Z
939,"Ten Three Consulting Group",tenthreeconsulting.com,,Graphics,53,,"click.com - Retention",new,,,2026-06-19T01:19:26.000000Z,2026-06-19T01:19:26.000000Z
940,"Image360 Tacomacentral",image360.com/tacoma-wa-central/,,Graphics,53,,"click.com - Retention",new,,,2026-06-19T01:19:26.000000Z,2026-06-19T01:19:26.000000Z
941,"Image360 Katy",image360.com/katy-tx/,,Graphics,53,,"click.com - Retention",new,,,2026-06-19T01:19:27.000000Z,2026-06-19T01:19:27.000000Z
942,"TSW SCREENING PRINTING AND EMBROIDERY-Michael",tswsp.com,,Graphics,53,,"click.com - Retention",new,,,2026-06-19T01:19:27.000000Z,2026-06-19T01:19:27.000000Z
943,"K & J SPEEDY PRINT",,,Graphics,53,,"click.com - Retention",new,,,2026-06-19T01:19:28.000000Z,2026-06-19T01:19:28.000000Z
944,"Monarch Direct LLC",monarch-direct.com,,Graphics,53,,"click.com - Retention",new,,,2026-06-19T01:19:28.000000Z,2026-06-19T01:19:28.000000Z
945,"Jon Geele Personal",,,Graphics,53,,"click.com - Retention",new,,,2026-06-19T01:19:29.000000Z,2026-06-19T01:19:29.000000Z
946,"J.P. Murray & Company",jpmurrayonline.com,,Graphics,53,,"click.com - Retention",new,,,2026-06-19T01:19:29.000000Z,2026-06-19T01:19:29.000000Z
947,"Ken Walters Promotions & Products",,,Graphics,53,Blacklisted,"click.com - Retention",new,,,2026-06-19T01:19:30.000000Z,2026-06-19T01:19:30.000000Z
948,"Regal Printingcompany",regalprint.com,,Graphics,53,,"click.com - Retention",new,,,2026-06-19T01:19:30.000000Z,2026-06-19T01:19:30.000000Z
949,"MH Specialties",,,Graphics,53,,"click.com - Retention",new,,,2026-06-19T01:19:31.000000Z,2026-06-19T01:19:31.000000Z
950,"ARCHBELL SIGNS",archbellsigns.com,,Graphics,53,,"click.com - Retention",new,,,2026-06-19T01:19:31.000000Z,2026-06-19T01:19:31.000000Z
951,"Alan Industries Online",alanindustriesonline.com,,Graphics,53,,"click.com - Retention",new,,,2026-06-19T01:19:32.000000Z,2026-06-19T01:19:32.000000Z
952,"Claremont Print",claremontprint.com,,Graphics,53,,"click.com - Retention",new,,,2026-06-19T01:19:32.000000Z,2026-06-19T01:19:32.000000Z
953,"Mater Signa LLC",,,Graphics,53,,"click.com - Retention",new,,,2026-06-19T01:19:33.000000Z,2026-06-19T01:19:33.000000Z
954,"Wyo Print",wyo-print.com,,Graphics,53,,"click.com - Retention",new,,,2026-06-19T01:19:34.000000Z,2026-06-19T01:19:34.000000Z
955,"Ye Olde Sign Shoppe",yeoldsignshoppe.net,,Graphics,53,,"click.com - Retention",new,,,2026-06-19T01:19:34.000000Z,2026-06-19T01:19:34.000000Z
956,"Pro Level",,,Graphics,53,,"click.com - Retention",new,,,2026-06-19T01:19:34.000000Z,2026-06-19T01:19:34.000000Z
957,"Cozzzy Up Too LLC",,,Graphics,53,,"click.com - Retention",new,,,2026-06-19T01:19:35.000000Z,2026-06-19T01:19:35.000000Z
958,"Graphic Takeover",,,Graphics,53,,"click.com - Retention",new,,,2026-06-19T01:19:35.000000Z,2026-06-19T01:19:35.000000Z
959,"Horizon Print Solutions",www.printefficiency.com,,Graphics,53,,"click.com - Retention",new,,,2026-06-19T01:19:35.000000Z,2026-06-19T01:19:35.000000Z
960,"Huntford Incorporated",huntford.com,,Graphics,53,,"click.com - Retention",new,,,2026-06-19T01:19:36.000000Z,2026-06-19T01:19:36.000000Z
961,"K & K Signs Company",,,Graphics,53,,"click.com - Retention",new,,,2026-06-19T01:19:36.000000Z,2026-06-19T01:19:36.000000Z
962,"Hall Marketing & Design",hallmarketingdesign.com,,Graphics,53,,"click.com - Retention",new,,,2026-06-19T01:19:36.000000Z,2026-06-19T01:19:36.000000Z
963,"ABR Print",,,Graphics,53,,"click.com - Retention",new,,,2026-06-19T01:19:37.000000Z,2026-06-19T01:19:37.000000Z
964,Dct,dctintle.com,,Graphics,53,,"click.com - Retention",new,,,2026-06-19T01:19:37.000000Z,2026-06-19T01:19:37.000000Z
965,"Winning Edge Graphics Inc",winningedgegraphics.com,,Graphics,53,,"click.com - Retention",new,,,2026-06-19T01:19:37.000000Z,2026-06-19T01:19:37.000000Z
966,"Paradise Apparel And Design",,,Graphics,53,,"click.com - Retention",new,,,2026-06-19T01:19:37.000000Z,2026-06-19T01:19:37.000000Z
967,"ABC Graphics",,,Graphics,53,,"click.com - Retention",new,,,2026-06-19T01:19:38.000000Z,2026-06-19T01:19:38.000000Z
968,"Tee Kitchen Custom Apparel",,,Graphics,53,Blacklisted,"click.com - Retention",new,,,2026-06-19T01:19:39.000000Z,2026-06-19T01:19:39.000000Z
969,"Snappy Copy Center Inc",snappcopy.net,,Graphics,53,,"click.com - Retention",new,,,2026-06-19T01:19:39.000000Z,2026-06-19T01:19:39.000000Z
970,McCarthyPrint,www.mccarthyprint.com,,Graphics,53,,"click.com - Retention",new,,,2026-06-19T01:19:40.000000Z,2026-06-19T01:19:40.000000Z
971,"GTImprints LLC",yourteammearch.com,,Graphics,53,,"click.com - Retention",new,,,2026-06-19T01:19:41.000000Z,2026-06-19T01:19:41.000000Z
972,"Initial Designs Custom Logo Embroidery & Screen Printing",initialdesignsllc.com,,Graphics,53,Blacklisted,"click.com - Retention",new,,,2026-06-19T01:19:41.000000Z,2026-06-19T01:19:41.000000Z
973,"M MINUTEMAN PRESS",,,Graphics,53,,"click.com - Retention",new,,,2026-06-19T01:19:42.000000Z,2026-06-19T01:19:42.000000Z
974,"Snook S Grill And Cocktails",,,Graphics,53,,"click.com - Retention",new,,,2026-06-19T01:19:42.000000Z,2026-06-19T01:19:42.000000Z
975,"The Printshop Plus",,,Graphics,53,,"click.com - Retention",new,,,2026-06-19T01:19:43.000000Z,2026-06-19T01:19:43.000000Z
976,"JLC Printing",www.jlcprinting.com,,Graphics,53,,"click.com - Retention",new,,,2026-06-19T01:19:43.000000Z,2026-06-19T01:19:43.000000Z
977,"Marz Customs",,,Graphics,53,Blacklisted,"click.com - Retention",new,,,2026-06-19T01:19:44.000000Z,2026-06-19T01:19:44.000000Z
978,"Action Signs And Signcrafts",,,Graphics,53,,"click.com - Retention",new,,,2026-06-19T01:19:44.000000Z,2026-06-19T01:19:44.000000Z
979,"Custom Swagg",,,Graphics,53,Blacklisted,"click.com - Retention",new,,,2026-06-19T01:19:45.000000Z,2026-06-19T01:19:45.000000Z
980,"Awards Unlimited Online",awardsunlimatedonline.com,,Graphics,53,,"click.com - Retention",new,,,2026-06-19T01:19:46.000000Z,2026-06-19T01:19:46.000000Z
981,"Taylor Sign Co",www.taylorsignco.com,,Graphics,53,,"click.com - Retention",new,,,2026-06-19T01:19:46.000000Z,2026-06-19T01:19:46.000000Z
982,"Micro Plastics Inc",mpsigns.com,,Graphics,53,,"click.com - Retention",new,,,2026-06-19T01:19:47.000000Z,2026-06-19T01:19:47.000000Z
983,"Soup City Designs",,,Graphics,53,,"click.com - Retention",new,,,2026-06-19T01:19:47.000000Z,2026-06-19T01:19:47.000000Z
984,"SignMax & Printers Ltd.",,,Graphics,53,,"click.com - Retention",new,,,2026-06-19T01:19:48.000000Z,2026-06-19T01:19:48.000000Z
985,"Digital Graphics LLC",,,Graphics,53,,"click.com - Retention",new,,,2026-06-19T01:19:49.000000Z,2026-06-19T01:19:49.000000Z
986,"Jack Nadel International",nadel.com,,Graphics,53,,"click.com - Retention",new,,,2026-06-19T01:19:49.000000Z,2026-06-19T01:19:49.000000Z
987,"Big Dawg Signs",,,Graphics,53,,"click.com - Retention",new,,,2026-06-19T01:19:50.000000Z,2026-06-19T01:19:50.000000Z
988,"MESA Reprographics",mesareprographics.com/home,,Graphics,53,,"click.com - Retention",new,,,2026-06-19T01:19:50.000000Z,2026-06-19T01:19:50.000000Z
989,"On Point Custom Apparel",,,Graphics,53,,"click.com - Retention",new,,,2026-06-19T01:19:51.000000Z,2026-06-19T01:19:51.000000Z
990,"Print Force One",eprintforce.com,,Graphics,53,,"click.com - Retention",new,,,2026-06-19T01:19:52.000000Z,2026-06-19T01:19:52.000000Z
991,"Sign Stop Oregon",signs97439.com,,Graphics,53,,"click.com - Retention",new,,,2026-06-19T01:19:52.000000Z,2026-06-19T01:19:52.000000Z
992,Eprint2day,www.eprint2day.com,,Graphics,53,Blacklisted,"click.com - Retention",new,,,2026-06-19T01:19:52.000000Z,2026-06-19T01:19:52.000000Z
993,OneTouchPoint,1touchpoint.com,,Graphics,53,,"click.com - Retention",new,,,2026-06-19T01:19:53.000000Z,2026-06-19T01:19:53.000000Z
994,"Accabonac Strategies LLC",,,Graphics,53,Blacklisted,"click.com - Retention",new,,,2026-06-19T01:19:54.000000Z,2026-06-19T01:19:54.000000Z
995,"Rockcliffe Promotional Products Inc.",,,Graphics,53,,"click.com - Retention",new,,,2026-06-19T01:19:54.000000Z,2026-06-19T01:19:54.000000Z
996,"FASTSIGNS  MAKE YOUR STATEMENT",,,Graphics,53,,"click.com - Retention",new,,,2026-06-19T01:19:55.000000Z,2026-06-19T01:19:55.000000Z
997,"Dramatic Digital",dramaticdigital.com,,Graphics,53,,"click.com - Retention",new,,,2026-06-19T01:19:55.000000Z,2026-06-19T01:19:55.000000Z
998,"AlphaGraphics Portsmouth",alphagraphics.com,,Graphics,53,,"click.com - Retention",new,,,2026-06-19T01:19:55.000000Z,2026-06-19T01:19:55.000000Z
999,"Royal Signs & Graphics",royansignsite.com,,Graphics,53,,"click.com - Retention",new,,,2026-06-19T01:19:56.000000Z,2026-06-19T01:19:56.000000Z
1000,"Melbourne Merch Pty Ltd",,,Graphics,53,,"click.com - Retention",new,,,2026-06-19T01:19:57.000000Z,2026-06-19T01:19:57.000000Z
1001,"B&K Tees And More",,,Graphics,53,,"click.com - Retention",new,,,2026-06-19T01:19:57.000000Z,2026-06-19T01:19:57.000000Z
1002,"Joe Bernotus",,,Graphics,53,,"click.com - Retention",new,,,2026-06-19T01:19:57.000000Z,2026-06-19T01:19:57.000000Z
1003,"C&C Customs",omahaengraving.us,,Graphics,53,,"click.com - Retention",new,,,2026-06-19T01:19:58.000000Z,2026-06-19T01:19:58.000000Z
1004,"Glyph Design Studio",shopglyphdg.com,,Graphics,53,,"click.com - Retention",new,,,2026-06-19T01:19:59.000000Z,2026-06-19T01:19:59.000000Z
1005,"A&A SIGNCo Inc",,,Graphics,53,,"click.com - Retention",new,,,2026-06-19T01:19:59.000000Z,2026-06-19T01:19:59.000000Z
1006,"Bilal Quinerly",,,Graphics,53,,"click.com - Retention",new,,,2026-06-19T01:20:00.000000Z,2026-06-19T01:20:00.000000Z
1007,"Fusion Printing Inc",www.fusionprintinginc.com,,Graphics,53,Blacklisted,"click.com - Retention",new,,,2026-06-19T01:20:01.000000Z,2026-06-19T01:20:01.000000Z
1008,"Fivestar Labels",fivestarlabels.com,,Graphics,53,,"click.com - Retention",new,,,2026-06-19T01:20:01.000000Z,2026-06-19T01:20:01.000000Z
1009,"Stitches And Vinyl Wishes",,,Graphics,53,,"click.com - Retention",new,,,2026-06-19T01:20:02.000000Z,2026-06-19T01:20:02.000000Z
1010,"THE REMIX CUSTOM PRINT CO",,,Graphics,53,,"click.com - Retention",new,,,2026-06-19T01:20:03.000000Z,2026-06-19T01:20:03.000000Z
1011,"MXM Graphix",,,Graphics,53,,"click.com - Retention",new,,,2026-06-19T01:20:04.000000Z,2026-06-19T01:20:04.000000Z
1012,"Gibson Speed E Print",,,Graphics,53,,"click.com - Retention",new,,,2026-06-19T01:20:04.000000Z,2026-06-19T01:20:04.000000Z
1013,"Stuyvesant Press Inc",,,Graphics,53,,"click.com - Retention",new,,,2026-06-19T01:20:05.000000Z,2026-06-19T01:20:05.000000Z
1014,"Green Printing Inc",,,Graphics,53,,"click.com - Retention",new,,,2026-06-19T01:20:05.000000Z,2026-06-19T01:20:05.000000Z
1015,"EMD Systems In",eastmooredesign.com,,Graphics,53,,"click.com - Retention",new,,,2026-06-19T01:20:06.000000Z,2026-06-19T01:20:06.000000Z
1016,"MCNM Marketing",,,Graphics,53,,"click.com - Retention",new,,,2026-06-19T01:20:07.000000Z,2026-06-19T01:20:07.000000Z
1017,LDPromos,,,Graphics,53,,"click.com - Retention",new,,,2026-06-19T01:20:07.000000Z,2026-06-19T01:20:07.000000Z
1018,"Souvenir Plus Inc",,,Graphics,53,,"click.com - Retention",new,,,2026-06-19T01:20:08.000000Z,2026-06-19T01:20:08.000000Z
1019,"McCabe Printing",,,Graphics,53,,"click.com - Retention",new,,,2026-06-19T01:20:09.000000Z,2026-06-19T01:20:09.000000Z
1020,"Hollywood Graphix",hollywoodgraphix.com,,Graphics,53,,"click.com - Retention",new,,,2026-06-19T01:20:09.000000Z,2026-06-19T01:20:09.000000Z
1021,"Irish Tees Are Smiling",,,Graphics,53,,"click.com - Retention",new,,,2026-06-19T01:20:10.000000Z,2026-06-19T01:20:10.000000Z
1022,"BC3 Designs",,,Graphics,53,Blacklisted,"click.com - Retention",new,,,2026-06-19T01:20:10.000000Z,2026-06-19T01:20:10.000000Z
1023,"Coastal Clean Corp.",,,Graphics,53,,"click.com - Retention",new,,,2026-06-19T01:20:11.000000Z,2026-06-19T01:20:11.000000Z
1024,"Cycling For A Cause",,,Graphics,53,,"click.com - Retention",new,,,2026-06-19T01:20:11.000000Z,2026-06-19T01:20:11.000000Z
1025,"Shop Abc Promo",www.shopabcpromo.com,,Graphics,53,,"click.com - Retention",new,,,2026-06-19T01:20:11.000000Z,2026-06-19T01:20:11.000000Z
1026,"Target Printing Ct LLC",,,Graphics,53,,"click.com - Retention",new,,,2026-06-19T01:20:12.000000Z,2026-06-19T01:20:12.000000Z
1027,BALLYHOO,,,Graphics,53,Blacklisted,"click.com - Retention",new,,,2026-06-19T01:20:12.000000Z,2026-06-19T01:20:12.000000Z
1028,"Hitmaster Graphics",,,Graphics,53,,"click.com - Retention",new,,,2026-06-19T01:20:13.000000Z,2026-06-19T01:20:13.000000Z
1029,"Adept Imaging LLC",,,Graphics,53,,"click.com - Retention",new,,,2026-06-19T01:20:13.000000Z,2026-06-19T01:20:13.000000Z
1030,Onpressdocs,,,Graphics,53,,"click.com - Retention",new,,,2026-06-19T01:20:14.000000Z,2026-06-19T01:20:14.000000Z
1031,"Impress Me Marketing",,,Graphics,53,,"click.com - Retention",new,,,2026-06-19T01:20:14.000000Z,2026-06-19T01:20:14.000000Z
1032,"SYP Screen Printing",,,Graphics,53,,"click.com - Retention",new,,,2026-06-19T01:20:14.000000Z,2026-06-19T01:20:14.000000Z
1033,"AG Custom Apparel",www.agcustomapparel.com,,Graphics,53,,"click.com - Retention",new,,,2026-06-19T01:20:15.000000Z,2026-06-19T01:20:15.000000Z
1034,"Valcom Web Services",,,Graphics,53,,"click.com - Retention",new,,,2026-06-19T01:20:15.000000Z,2026-06-19T01:20:15.000000Z
1035,"The Source Inc",,,Graphics,53,,"click.com - Retention",new,,,2026-06-19T01:20:16.000000Z,2026-06-19T01:20:16.000000Z
1036,"Alina Sportswear",,,Graphics,53,,"click.com - Retention",new,,,2026-06-19T01:20:16.000000Z,2026-06-19T01:20:16.000000Z
1037,"Wilkinsons Trophy",,,Graphics,53,,"click.com - Retention",new,,,2026-06-19T01:20:17.000000Z,2026-06-19T01:20:17.000000Z
1038,"CORAL SPRINGS",,,Graphics,53,,"click.com - Retention",new,,,2026-06-19T01:20:17.000000Z,2026-06-19T01:20:17.000000Z
1039,"CT Promotional Products",,,Graphics,53,,"click.com - Retention",new,,,2026-06-19T01:20:17.000000Z,2026-06-19T01:20:17.000000Z
1040,"Right Sign. Printing And Marketing",,,Graphics,53,,"click.com - Retention",new,,,2026-06-19T01:20:18.000000Z,2026-06-19T01:20:18.000000Z
1041,"Go Distributors",,,Graphics,53,Blacklisted,"click.com - Retention",new,,,2026-06-19T01:20:18.000000Z,2026-06-19T01:20:18.000000Z
1042,"Swivler Pacific",,,Graphics,53,,"click.com - Retention",new,,,2026-06-19T01:20:19.000000Z,2026-06-19T01:20:19.000000Z
1043,"Jamison Signs",,,Graphics,53,,"click.com - Retention",new,,,2026-06-19T01:20:19.000000Z,2026-06-19T01:20:19.000000Z
1044,"The Great Frame Up",,,Graphics,53,,"click.com - Retention",new,,,2026-06-19T01:20:19.000000Z,2026-06-19T01:20:19.000000Z
1045,"J P Media Advertising",,,Graphics,53,,"click.com - Retention",new,,,2026-06-19T01:20:20.000000Z,2026-06-19T01:20:20.000000Z
1046,"Sanzo TNT",,,Graphics,53,,"click.com - Retention",new,,,2026-06-19T01:20:20.000000Z,2026-06-19T01:20:20.000000Z
1047,"Crystal Castles",,,Graphics,53,Blacklisted,"click.com - Retention",new,,,2026-06-19T01:20:21.000000Z,2026-06-19T01:20:21.000000Z
1048,"Ziggi Marketing LLC",,,Graphics,53,,"click.com - Retention",new,,,2026-06-19T01:20:22.000000Z,2026-06-19T01:20:22.000000Z
1049,"J & S  Vinyl Designs",,,Graphics,53,,"click.com - Retention",new,,,2026-06-19T01:20:22.000000Z,2026-06-19T01:20:22.000000Z
1050,"SoCal Creative",,,Graphics,53,,"click.com - Retention",new,,,2026-06-19T01:20:23.000000Z,2026-06-19T01:20:23.000000Z
1051,"Madam Merchant",,,Graphics,53,Blacklisted,"click.com - Retention",new,,,2026-06-19T01:20:23.000000Z,2026-06-19T01:20:23.000000Z
1052,"J K Promotions Inc    ASI 232531",,,Graphics,53,,"click.com - Retention",new,,,2026-06-19T01:20:23.000000Z,2026-06-19T01:20:23.000000Z
1053,"Wilson & Wilson Inc",,,Graphics,53,,"click.com - Retention",new,,,2026-06-19T01:20:24.000000Z,2026-06-19T01:20:24.000000Z
1054,"5SG Select",,,Graphics,53,,"click.com - Retention",new,,,2026-06-19T01:20:24.000000Z,2026-06-19T01:20:24.000000Z
1055,"Signs Now  Augustine",www.signsnowstaug.com,,Graphics,53,,"click.com - Retention",new,,,2026-06-19T01:20:25.000000Z,2026-06-19T01:20:25.000000Z
1056,"The Seed Agency",,,Graphics,53,,"click.com - Retention",new,,,2026-06-19T01:20:25.000000Z,2026-06-19T01:20:25.000000Z
1057,"Dapper Graphics",,,Graphics,53,,"click.com - Retention",new,,,2026-06-19T01:20:25.000000Z,2026-06-19T01:20:25.000000Z
1058,"Big Slick Graphics",,,Graphics,53,,"click.com - Retention",new,,,2026-06-19T01:20:26.000000Z,2026-06-19T01:20:26.000000Z
1059,Ambassadorprinting,,,Graphics,53,,"click.com - Retention",new,,,2026-06-19T01:20:26.000000Z,2026-06-19T01:20:26.000000Z
1060,"MAC Global Promotions LLC",www.macglobalpromotions.com,,Graphics,53,,"click.com - Retention",new,,,2026-06-19T01:20:27.000000Z,2026-06-19T01:20:27.000000Z
1061,Promarketize,,,Graphics,53,,"click.com - Retention",new,,,2026-06-19T01:20:27.000000Z,2026-06-19T01:20:27.000000Z
1062,"Colorado Canopies Print & Signs",,,Graphics,53,,"click.com - Retention",new,,,2026-06-19T01:20:28.000000Z,2026-06-19T01:20:28.000000Z
1063,"Talbot Marketing Jeremie Smith",,,Graphics,53,,"click.com - Retention",new,,,2026-06-19T01:20:28.000000Z,2026-06-19T01:20:28.000000Z
1064,"Radius Sign",,,Graphics,53,,"click.com - Retention",new,,,2026-06-19T01:20:29.000000Z,2026-06-19T01:20:29.000000Z
1065,2hourbanners,,,Graphics,53,,"click.com - Retention",new,,,2026-06-19T01:20:29.000000Z,2026-06-19T01:20:29.000000Z
1066,"Creative & Digital Director",,,Graphics,53,,"click.com - Retention",new,,,2026-06-19T01:20:30.000000Z,2026-06-19T01:20:30.000000Z
1067,"Print Max",,,Graphics,53,,"click.com - Retention",new,,,2026-06-19T01:20:30.000000Z,2026-06-19T01:20:30.000000Z
1068,"Kinne Solutions",,,Graphics,53,,"click.com - Retention",new,,,2026-06-19T01:20:31.000000Z,2026-06-19T01:20:31.000000Z
1069,"Ink Beast Printing",,,Graphics,53,,"click.com - Retention",new,,,2026-06-19T01:20:32.000000Z,2026-06-19T01:20:32.000000Z
1070,"JL Print House LLC",,,Graphics,53,,"click.com - Retention",new,,,2026-06-19T01:20:32.000000Z,2026-06-19T01:20:32.000000Z
1071,"Lutz And Company",,,Graphics,53,,"click.com - Retention",new,,,2026-06-19T01:20:32.000000Z,2026-06-19T01:20:32.000000Z
1072,"BLUE WIFE CREATIONS",,,Graphics,53,,"click.com - Retention",new,,,2026-06-19T01:20:33.000000Z,2026-06-19T01:20:33.000000Z
1073,"Fusion Marketing Florida",,,Graphics,53,,"click.com - Retention",new,,,2026-06-19T01:20:33.000000Z,2026-06-19T01:20:33.000000Z
1074,"LOCAL NINE DESIGN",,,Graphics,53,,"click.com - Retention",new,,,2026-06-19T01:20:34.000000Z,2026-06-19T01:20:34.000000Z
1075,"All Quality Stitches Washington",,,Graphics,53,,"click.com - Retention",new,,,2026-06-19T01:20:34.000000Z,2026-06-19T01:20:34.000000Z
1076,"Incentive Solutions",www.incentivesolutionscorp.com,,Graphics,53,,"click.com - Retention",new,,,2026-06-19T01:20:35.000000Z,2026-06-19T01:20:35.000000Z
1077,"Image360 Florida",,,Graphics,53,Blacklisted,"click.com - Retention",new,,,2026-06-19T01:20:35.000000Z,2026-06-19T01:20:35.000000Z
1078,"Print Fast Signs",,,Graphics,53,Blacklisted,"click.com - Retention",new,,,2026-06-19T01:20:36.000000Z,2026-06-19T01:20:36.000000Z
1079,All-Print,,,Graphics,53,,"click.com - Retention",new,,,2026-06-19T01:20:36.000000Z,2026-06-19T01:20:36.000000Z
1080,"Liberty Tree Advertising",,,Graphics,53,,"click.com - Retention",new,,,2026-06-19T01:20:36.000000Z,2026-06-19T01:20:36.000000Z
1081,"United Uniforms",,,Graphics,53,,"click.com - Retention",new,,,2026-06-19T01:20:37.000000Z,2026-06-19T01:20:37.000000Z
1082,"Satin Stitch Embroidery LLC",www.satinstitchembroidery.com,,Graphics,53,,"click.com - Retention",new,,,2026-06-19T01:20:37.000000Z,2026-06-19T01:20:37.000000Z
1083,"Stable Living LLP",,,Graphics,53,,"click.com - Retention",new,,,2026-06-19T01:20:38.000000Z,2026-06-19T01:20:38.000000Z
1084,"Paws Incorporated",,,Graphics,53,,"click.com - Retention",new,,,2026-06-19T01:20:38.000000Z,2026-06-19T01:20:38.000000Z
1085,"Oswego Printing Co Inc",,,Graphics,53,,"click.com - Retention",new,,,2026-06-19T01:20:39.000000Z,2026-06-19T01:20:39.000000Z
1086,"NOTO  AFN Promotions",www.notopromotions.com,,Graphics,53,,"click.com - Retention",new,,,2026-06-19T01:20:39.000000Z,2026-06-19T01:20:39.000000Z
1087,"Country & Classy",,,Graphics,53,,"click.com - Retention",new,,,2026-06-19T01:20:40.000000Z,2026-06-19T01:20:40.000000Z
1088,"Signworks Inc Utah",,,Graphics,53,,"click.com - Retention",new,,,2026-06-19T01:20:40.000000Z,2026-06-19T01:20:40.000000Z
1089,"Phellip Christie Individual",,,Graphics,53,,"click.com - Retention",new,,,2026-06-19T01:20:41.000000Z,2026-06-19T01:20:41.000000Z
1090,"Ink Nutz Masonic",,,Graphics,53,,"click.com - Retention",new,,,2026-06-19T01:20:41.000000Z,2026-06-19T01:20:41.000000Z
1091,"Same Day Riverside",,,Graphics,53,,"click.com - Retention",new,,,2026-06-19T01:20:42.000000Z,2026-06-19T01:20:42.000000Z
1092,BEZAWORX,,,Graphics,53,,"click.com - Retention",new,,,2026-06-19T01:20:42.000000Z,2026-06-19T01:20:42.000000Z
1093,"Accurate Advertising Specialty Co LLC",,,Graphics,53,,"click.com - Retention",new,,,2026-06-19T01:20:43.000000Z,2026-06-19T01:20:43.000000Z
1094,"SICC PRINTING LLC",,,Graphics,53,Blacklisted,"click.com - Retention",new,,,2026-06-19T01:20:44.000000Z,2026-06-19T01:20:44.000000Z
1095,"K.E. Graphics & Signs",,,Graphics,53,,"click.com - Retention",new,,,2026-06-19T01:20:44.000000Z,2026-06-19T01:20:44.000000Z
1096,"BRANDED BY ENGEL",,,Graphics,53,,"click.com - Retention",new,,,2026-06-19T01:20:44.000000Z,2026-06-19T01:20:44.000000Z
1097,"ID Screen Print",,,Graphics,53,Blacklisted,"click.com - Retention",new,,,2026-06-19T01:20:45.000000Z,2026-06-19T01:20:45.000000Z
1098,"The Trophy Case  Merch Unlimited",,,Graphics,53,,"click.com - Retention",new,,,2026-06-19T01:20:45.000000Z,2026-06-19T01:20:45.000000Z
1099,"360 Apparel",360-apparel.com,,Graphics,53,,"click.com - Retention",new,,,2026-06-19T01:20:46.000000Z,2026-06-19T01:20:46.000000Z
1100,"Logotech Inc",,,Graphics,53,,"click.com - Retention",new,,,2026-06-19T01:20:46.000000Z,2026-06-19T01:20:46.000000Z
1101,DAAM5th,,,Graphics,53,,"click.com - Retention",new,,,2026-06-19T01:20:47.000000Z,2026-06-19T01:20:47.000000Z
1102,"So InClyned",,,Graphics,53,,"click.com - Retention",new,,,2026-06-19T01:20:47.000000Z,2026-06-19T01:20:47.000000Z
1103,AdPurpose,,,Graphics,53,,"click.com - Retention",new,,,2026-06-19T01:20:48.000000Z,2026-06-19T01:20:48.000000Z
1104,"SPECIALTY APPAREL",http://www.companycasuals.com/specialtyapparel,,Graphics,53,,"click.com - Retention",new,,,2026-06-19T01:20:48.000000Z,2026-06-19T01:20:48.000000Z
1105,"World Wide Medias",,,Graphics,53,,"click.com - Retention",new,,,2026-06-19T01:20:49.000000Z,2026-06-19T01:20:49.000000Z
1106,"Artistic Custom Badges And Coins LLC",,,Graphics,53,,"click.com - Retention",new,,,2026-06-19T01:20:49.000000Z,2026-06-19T01:20:49.000000Z
1107,"Angry Grizzly",,,Graphics,53,,"click.com - Retention",new,,,2026-06-19T01:20:50.000000Z,2026-06-19T01:20:50.000000Z
1108,"Calvin Eugene Creative",,,Graphics,53,,"click.com - Retention",new,,,2026-06-19T01:20:50.000000Z,2026-06-19T01:20:50.000000Z
1109,"UGA FOREVER",www.ugaforever.com,,Graphics,53,,"click.com - Retention",new,,,2026-06-19T01:20:50.000000Z,2026-06-19T01:20:50.000000Z
1110,"Graphic Makers & Printers",,,Graphics,53,,"click.com - Retention",new,,,2026-06-19T01:20:51.000000Z,2026-06-19T01:20:51.000000Z
1111,"Dba  Professional Concepts Advertising",,,Graphics,53,,"click.com - Retention",new,,,2026-06-19T01:20:52.000000Z,2026-06-19T01:20:52.000000Z
1112,"Route 52 Screen Print & Embroidery",,,Graphics,53,,"click.com - Retention",new,,,2026-06-19T01:20:52.000000Z,2026-06-19T01:20:52.000000Z
1113,"AKS Gifts & Promotionals",,,Graphics,53,,"click.com - Retention",new,,,2026-06-19T01:20:53.000000Z,2026-06-19T01:20:53.000000Z
1114,"CG Printers Inc.",,,Graphics,53,,"click.com - Retention",new,,,2026-06-19T01:20:54.000000Z,2026-06-19T01:20:54.000000Z
1115,"Creative Impact Co LLC",,,Graphics,53,,"click.com - Retention",new,,,2026-06-19T01:20:54.000000Z,2026-06-19T01:20:54.000000Z
1116,"Brandsome Promo",,,Graphics,53,,"click.com - Retention",new,,,2026-06-19T01:20:54.000000Z,2026-06-19T01:20:54.000000Z
1117,"Kottwitz Signs & Graphics",,,Graphics,53,,"click.com - Retention",new,,,2026-06-19T01:20:55.000000Z,2026-06-19T01:20:55.000000Z
1118,"Success Promotions Inc",,,Graphics,53,,"click.com - Retention",new,,,2026-06-19T01:20:56.000000Z,2026-06-19T01:20:56.000000Z
1119,"Waynes Designz",,,Graphics,53,Blacklisted,"click.com - Retention",new,,,2026-06-19T01:20:56.000000Z,2026-06-19T01:20:56.000000Z
1120,"New Horizons Embroidery & Screen Printing",nhestvt.com,,Graphics,53,,"click.com - Retention",new,,,2026-06-19T01:20:56.000000Z,2026-06-19T01:20:56.000000Z
1121,"Sun Sports Inc.",,,Graphics,53,,"click.com - Retention",new,,,2026-06-19T01:20:57.000000Z,2026-06-19T01:20:57.000000Z
1122,"Oklahoma Promo LLC",www.oklahomapromo.com,,Graphics,53,,"click.com - Retention",new,,,2026-06-19T01:20:58.000000Z,2026-06-19T01:20:58.000000Z
1123,"Amplified Branding",,,Graphics,53,,"click.com - Retention",new,,,2026-06-19T01:20:58.000000Z,2026-06-19T01:20:58.000000Z
1124,"Go West Genuine LLC",,,Graphics,53,,"click.com - Retention",new,,,2026-06-19T01:20:59.000000Z,2026-06-19T01:20:59.000000Z
1125,SDG,,,Graphics,53,,"click.com - Retention",new,,,2026-06-19T01:20:59.000000Z,2026-06-19T01:20:59.000000Z
1126,"South Shore Customs",,,Graphics,53,,"click.com - Retention",new,,,2026-06-19T01:21:00.000000Z,2026-06-19T01:21:00.000000Z
1127,"Signs Manufacturing",,,Graphics,53,,"click.com - Retention",new,,,2026-06-19T01:21:01.000000Z,2026-06-19T01:21:01.000000Z
1128,"Portland Custom Embroidery",,,Graphics,53,,"click.com - Retention",new,,,2026-06-19T01:21:02.000000Z,2026-06-19T01:21:02.000000Z
1129,"Games People Play",,,Graphics,53,,"click.com - Retention",new,,,2026-06-19T01:21:02.000000Z,2026-06-19T01:21:02.000000Z
1130,"Pro Signs Inc",,,Graphics,53,,"click.com - Retention",new,,,2026-06-19T01:21:03.000000Z,2026-06-19T01:21:03.000000Z
1131,"Embroidery Works And Broadway Embroidery",,,Graphics,53,,"click.com - Retention",new,,,2026-06-19T01:21:03.000000Z,2026-06-19T01:21:03.000000Z
1132,"The Graphic Geek",,,Graphics,53,Blacklisted,"click.com - Retention",new,,,2026-06-19T01:21:04.000000Z,2026-06-19T01:21:04.000000Z
1133,"Story Form Design",,,Graphics,53,,"click.com - Retention",new,,,2026-06-19T01:21:04.000000Z,2026-06-19T01:21:04.000000Z
1134,"Hattrix Team Sports",,,Graphics,53,,"click.com - Retention",new,,,2026-06-19T01:21:05.000000Z,2026-06-19T01:21:05.000000Z
1135,"Stuart Sports Inc.",,,Graphics,53,,"click.com - Retention",new,,,2026-06-19T01:21:05.000000Z,2026-06-19T01:21:05.000000Z
1136,"Affordable Signs Of Texas",,,Graphics,53,,"click.com - Retention",new,,,2026-06-19T01:21:06.000000Z,2026-06-19T01:21:06.000000Z
1137,"Ace Custom Signs & Window Tint",,,Graphics,53,,"click.com - Retention",new,,,2026-06-19T01:21:06.000000Z,2026-06-19T01:21:06.000000Z
1138,"Calgary Veterans Services Society",,,Graphics,53,,"click.com - Retention",new,,,2026-06-19T01:21:07.000000Z,2026-06-19T01:21:07.000000Z
1139,"Supercross Industries Llc",www.supercrossbmx.com,,Graphics,53,,"click.com - Retention",new,,,2026-06-19T01:21:08.000000Z,2026-06-19T01:21:08.000000Z
1140,"Facilitations Ltd",,,Graphics,53,,"click.com - Retention",new,,,2026-06-19T01:21:08.000000Z,2026-06-19T01:21:08.000000Z
1141,"PERSISTENCE OF VISION",,,Graphics,53,Blacklisted,"click.com - Retention",new,,,2026-06-19T01:21:09.000000Z,2026-06-19T01:21:09.000000Z
1142,"JD Nava Design",,,Graphics,53,,"click.com - Retention",new,,,2026-06-19T01:21:10.000000Z,2026-06-19T01:21:10.000000Z
1143,"Preevet Miami",,,Graphics,53,,"click.com - Retention",new,,,2026-06-19T01:21:11.000000Z,2026-06-19T01:21:11.000000Z
1144,"Alpha Apparel",,,Graphics,53,,"click.com - Retention",new,,,2026-06-19T01:21:12.000000Z,2026-06-19T01:21:12.000000Z
1145,"FST Printing Inc",,,Graphics,53,,"click.com - Retention",new,,,2026-06-19T01:21:13.000000Z,2026-06-19T01:21:13.000000Z
1146,"American Solutions For Business - Tim Etcheson",,,Graphics,53,,"click.com - Retention",new,,,2026-06-19T01:21:14.000000Z,2026-06-19T01:21:14.000000Z
1147,"NCC LLC",,,Graphics,53,,"click.com - Retention",new,,,2026-06-19T01:21:15.000000Z,2026-06-19T01:21:15.000000Z
1148,"Modern Graphic Signs",,,Graphics,53,,"click.com - Retention",new,,,2026-06-19T01:21:16.000000Z,2026-06-19T01:21:16.000000Z
1149,"Kushi Labs",,,Graphics,53,,"click.com - Retention",new,,,2026-06-19T01:21:17.000000Z,2026-06-19T01:21:17.000000Z
1150,"BE Print And Marketing LLC",,,Graphics,53,,"click.com - Retention",new,,,2026-06-19T01:21:18.000000Z,2026-06-19T01:21:18.000000Z
1151,"707 Stitches",,,Graphics,53,,"click.com - Retention",new,,,2026-06-19T01:21:18.000000Z,2026-06-19T01:21:18.000000Z
1152,"Plus Print Shop A",,,Graphics,53,,"click.com - Retention",new,,,2026-06-19T01:21:19.000000Z,2026-06-19T01:21:19.000000Z
1153,"Aura Grafix Corp.",,,Graphics,53,,"click.com - Retention",new,,,2026-06-19T01:21:20.000000Z,2026-06-19T01:21:20.000000Z
1154,"Master Stitch",,,Graphics,53,,"click.com - Retention",new,,,2026-06-19T01:21:21.000000Z,2026-06-19T01:21:21.000000Z
1155,"Guy Norelli Graphics",,,Graphics,53,,"click.com - Retention",new,,,2026-06-19T01:21:21.000000Z,2026-06-19T01:21:21.000000Z
1156,"American Solutions For Business - Datha",www.americanbus.com,,Graphics,53,,"click.com - Retention",new,,,2026-06-19T01:21:22.000000Z,2026-06-19T01:21:22.000000Z
1157,"A Door Real Estate",,,Graphics,53,,"click.com - Retention",new,,,2026-06-19T01:21:22.000000Z,2026-06-19T01:21:22.000000Z
1158,"Rupesh Parekh",,,Graphics,53,,"click.com - Retention",new,,,2026-06-19T01:21:23.000000Z,2026-06-19T01:21:23.000000Z
1159,"White Imprints",,,Graphics,53,,"click.com - Retention",new,,,2026-06-19T01:21:23.000000Z,2026-06-19T01:21:23.000000Z
1160,TheZonePrinting,,,Graphics,53,Blacklisted,"click.com - Retention",new,,,2026-06-19T01:21:23.000000Z,2026-06-19T01:21:23.000000Z
1161,"American Wholesale Print Shop",,,Graphics,53,,"click.com - Retention",new,,,2026-06-19T01:21:24.000000Z,2026-06-19T01:21:24.000000Z
1162,"Fann Emblem",,,Graphics,53,,"click.com - Retention",new,,,2026-06-19T01:21:24.000000Z,2026-06-19T01:21:24.000000Z
1163,"Adventures In Advertising  JNC Designs Inc",,,Graphics,53,Blacklisted,"click.com - Retention",new,,,2026-06-19T01:21:24.000000Z,2026-06-19T01:21:24.000000Z
1164,"Completet Management Solutions",@cmsworkplace.com,,Graphics,53,,"click.com - Retention",new,,,2026-06-19T01:21:25.000000Z,2026-06-19T01:21:25.000000Z
1165,"Mad Monkey Inkz",,,Graphics,53,Blacklisted,"click.com - Retention",new,,,2026-06-19T01:21:25.000000Z,2026-06-19T01:21:25.000000Z
1166,"Mail & More",,,Graphics,53,,"click.com - Retention",new,,,2026-06-19T01:21:25.000000Z,2026-06-19T01:21:25.000000Z
1167,"Paramount Printing And Design",,,Graphics,53,,"click.com - Retention",new,,,2026-06-19T01:21:26.000000Z,2026-06-19T01:21:26.000000Z
1168,"Sunview Glass Tinting",,,Graphics,53,,"click.com - Retention",new,,,2026-06-19T01:21:26.000000Z,2026-06-19T01:21:26.000000Z
1169,"More Than Enough Clothing",,,Graphics,53,,"click.com - Retention",new,,,2026-06-19T01:21:26.000000Z,2026-06-19T01:21:26.000000Z
1170,"Graphical Creations Inc",,,Graphics,53,,"click.com - Retention",new,,,2026-06-19T01:21:27.000000Z,2026-06-19T01:21:27.000000Z
1171,"Freedom Expressions",,,Graphics,53,,"click.com - Retention",new,,,2026-06-19T01:21:27.000000Z,2026-06-19T01:21:27.000000Z
1172,"City Cap",,,Graphics,53,Blacklisted,"click.com - Retention",new,,,2026-06-19T01:21:28.000000Z,2026-06-19T01:21:28.000000Z
1173,"Stitch Of The Time Spirit Shop",,,Graphics,53,,"click.com - Retention",new,,,2026-06-19T01:21:28.000000Z,2026-06-19T01:21:28.000000Z
1174,"William B Strickland",,,Graphics,53,,"click.com - Retention",new,,,2026-06-19T01:21:29.000000Z,2026-06-19T01:21:29.000000Z
1175,"Eat. Sleep. Baseball.",,,Graphics,53,,"click.com - Retention",new,,,2026-06-19T01:21:29.000000Z,2026-06-19T01:21:29.000000Z
1176,"Complete Graphics Solution",,,Graphics,53,,"click.com - Retention",new,,,2026-06-19T01:21:29.000000Z,2026-06-19T01:21:29.000000Z
1177,Etchwerx,,,Graphics,53,,"click.com - Retention",new,,,2026-06-19T01:21:30.000000Z,2026-06-19T01:21:30.000000Z
1178,"MLS Designs",,,Graphics,53,,"click.com - Retention",new,,,2026-06-19T01:21:30.000000Z,2026-06-19T01:21:30.000000Z
1179,Burlebo,,,Graphics,53,,"click.com - Retention",new,,,2026-06-19T01:21:31.000000Z,2026-06-19T01:21:31.000000Z
1180,"Brian Kalt",,,Graphics,53,,"click.com - Retention",new,,,2026-06-19T01:21:31.000000Z,2026-06-19T01:21:31.000000Z
1181,"DJ Jimmy Hoffa",,,Graphics,53,,"click.com - Retention",new,,,2026-06-19T01:21:32.000000Z,2026-06-19T01:21:32.000000Z
1182,"Jam 4 Apparel",,,Graphics,53,,"click.com - Retention",new,,,2026-06-19T01:21:32.000000Z,2026-06-19T01:21:32.000000Z
1183,"Aero Designs",,,Graphics,53,,"click.com - Retention",new,,,2026-06-19T01:21:32.000000Z,2026-06-19T01:21:32.000000Z
1184,"Signature Sign Worx",,,Graphics,53,,"click.com - Retention",new,,,2026-06-19T01:21:33.000000Z,2026-06-19T01:21:33.000000Z
1185,"McCutchen Design",,,Graphics,53,,"click.com - Retention",new,,,2026-06-19T01:21:33.000000Z,2026-06-19T01:21:33.000000Z
1186,Jamie,,,Graphics,53,,"click.com - Retention",new,,,2026-06-19T01:21:33.000000Z,2026-06-19T01:21:33.000000Z
1187,"Project For Masonic Grand Master 2025",,,Graphics,53,,"click.com - Retention",new,,,2026-06-19T01:21:34.000000Z,2026-06-19T01:21:34.000000Z
1188,"Digital Roominc",https://www.digitalroominc.com/,,Graphics,53,,"click.com - Retention",new,,,2026-06-19T01:21:34.000000Z,2026-06-19T01:21:34.000000Z
1189,"OHKG Healthcare",,,Graphics,53,,"click.com - Retention",new,,,2026-06-19T01:21:34.000000Z,2026-06-19T01:21:34.000000Z
1190,"Pacific West Printing & Promotions",,,Graphics,53,,"click.com - Retention",new,,,2026-06-19T01:21:35.000000Z,2026-06-19T01:21:35.000000Z
1191,"PEP ATHLETIC SOLUTIONS",,,Graphics,53,,"click.com - Retention",new,,,2026-06-19T01:21:35.000000Z,2026-06-19T01:21:35.000000Z
1192,"Universal Sign Inc.",,,Graphics,53,,"click.com - Retention",new,,,2026-06-19T01:21:36.000000Z,2026-06-19T01:21:36.000000Z
1193,"Merch Unlimited",,,Graphics,53,,"click.com - Retention",new,,,2026-06-19T01:21:36.000000Z,2026-06-19T01:21:36.000000Z
1194,Swagify.com,,,Graphics,53,Blacklisted,"click.com - Retention",new,,,2026-06-19T01:21:37.000000Z,2026-06-19T01:21:37.000000Z
1195,"Hinkle Insurance Agency",,,Graphics,53,,"click.com - Retention",new,,,2026-06-19T01:21:37.000000Z,2026-06-19T01:21:37.000000Z
1196,"Your Company Store",,,Graphics,53,,"click.com - Retention",new,,,2026-06-19T01:21:37.000000Z,2026-06-19T01:21:37.000000Z
1197,Gotz2BKappin,,,Graphics,53,,"click.com - Retention",new,,,2026-06-19T01:21:38.000000Z,2026-06-19T01:21:38.000000Z
1198,Meadsigns,,,Graphics,53,Blacklisted,"click.com - Retention",new,,,2026-06-19T01:21:38.000000Z,2026-06-19T01:21:38.000000Z
1199,"Celestial Print And Mail",,,Graphics,53,,"click.com - Retention",new,,,2026-06-19T01:21:39.000000Z,2026-06-19T01:21:39.000000Z
1200,"Smokey Bears Grabba LLC",,,Graphics,53,,"click.com - Retention",new,,,2026-06-19T01:21:40.000000Z,2026-06-19T01:21:40.000000Z
1201,"Peregrine Corporation",,,Graphics,53,,"click.com - Retention",new,,,2026-06-19T01:21:40.000000Z,2026-06-19T01:21:40.000000Z
1202,"Dama Creative Solutions LLC",,,Graphics,53,,"click.com - Retention",new,,,2026-06-19T01:21:40.000000Z,2026-06-19T01:21:40.000000Z
1203,"E And J Embroidery",,,Graphics,53,,"click.com - Retention",new,,,2026-06-19T01:21:41.000000Z,2026-06-19T01:21:41.000000Z
1204,"THE FIRESTONE GROUP INC.",,,Graphics,53,,"click.com - Retention",new,,,2026-06-19T01:21:41.000000Z,2026-06-19T01:21:41.000000Z
1205,"Anahston Productions",,,Graphics,53,Blacklisted,"click.com - Retention",new,,,2026-06-19T01:21:41.000000Z,2026-06-19T01:21:41.000000Z
1206,"Screen Printing DONE",,,Graphics,53,,"click.com - Retention",new,,,2026-06-19T01:21:42.000000Z,2026-06-19T01:21:42.000000Z
1207,"Congregation Beth El",,,Graphics,53,,"click.com - Retention",new,,,2026-06-19T01:21:42.000000Z,2026-06-19T01:21:42.000000Z
1208,"Uncle Jedz Tees Inc",,,Graphics,53,Blacklisted,"click.com - Retention",new,,,2026-06-19T01:21:43.000000Z,2026-06-19T01:21:43.000000Z
1209,"Pegastian Press",,,Graphics,53,,"click.com - Retention",new,,,2026-06-19T01:21:43.000000Z,2026-06-19T01:21:43.000000Z
1210,"Vetter Promotional Products",,,Graphics,53,,"click.com - Retention",new,,,2026-06-19T01:21:43.000000Z,2026-06-19T01:21:43.000000Z
1211,"Sign Crafters",,,Graphics,53,,"click.com - Retention",new,,,2026-06-19T01:21:44.000000Z,2026-06-19T01:21:44.000000Z
1212,"Deters Ink",,,Graphics,53,,"click.com - Retention",new,,,2026-06-19T01:21:44.000000Z,2026-06-19T01:21:44.000000Z
1213,"ALT LYFE",,,Graphics,53,,"click.com - Retention",new,,,2026-06-19T01:21:44.000000Z,2026-06-19T01:21:44.000000Z
1214,"Royal Flush Ink SCREEN PRINTING & MORE",,,Graphics,53,,"click.com - Retention",new,,,2026-06-19T01:21:45.000000Z,2026-06-19T01:21:45.000000Z
1215,"Violeta S Design",,,Graphics,53,,"click.com - Retention",new,,,2026-06-19T01:21:45.000000Z,2026-06-19T01:21:45.000000Z
1216,"Radiate Design.",,,Graphics,53,,"click.com - Retention",new,,,2026-06-19T01:21:46.000000Z,2026-06-19T01:21:46.000000Z
1217,Habits365Greek,,,Graphics,53,,"click.com - Retention",new,,,2026-06-19T01:21:46.000000Z,2026-06-19T01:21:46.000000Z
1218,"Print And Digital",,,Graphics,53,,"click.com - Retention",new,,,2026-06-19T01:21:46.000000Z,2026-06-19T01:21:46.000000Z
1219,"Learn By Logic",,,Graphics,53,,"click.com - Retention",new,,,2026-06-19T01:21:47.000000Z,2026-06-19T01:21:47.000000Z
1220,"Hershey Eagles Military HC",,,Graphics,53,,"click.com - Retention",new,,,2026-06-19T01:21:47.000000Z,2026-06-19T01:21:47.000000Z
1221,"Minuteman Press Fullerton",,,Graphics,53,,"click.com - Retention",new,,,2026-06-19T01:21:47.000000Z,2026-06-19T01:21:47.000000Z
1222,"Tease Shirts",www.teaseshirts.org,,Graphics,53,,"click.com - Retention",new,,,2026-06-19T01:21:48.000000Z,2026-06-19T01:21:48.000000Z
1223,"American Diversity",,,Graphics,53,,"click.com - Retention",new,,,2026-06-19T01:21:48.000000Z,2026-06-19T01:21:48.000000Z
1224,"Killer Creative Group",,,Graphics,53,,"click.com - Retention",new,,,2026-06-19T01:21:48.000000Z,2026-06-19T01:21:48.000000Z
1225,"Decade Creative LLC",,,Graphics,53,,"click.com - Retention",new,,,2026-06-19T01:21:49.000000Z,2026-06-19T01:21:49.000000Z
1226,"Lyons Presentations",,,Graphics,53,,"click.com - Retention",new,,,2026-06-19T01:21:49.000000Z,2026-06-19T01:21:49.000000Z
1227,"Send It Digital Media",,,Graphics,53,,"click.com - Retention",new,,,2026-06-19T01:21:50.000000Z,2026-06-19T01:21:50.000000Z
1228,"Blue Link Outfitters LLC",,,Graphics,53,,"click.com - Retention",new,,,2026-06-19T01:21:50.000000Z,2026-06-19T01:21:50.000000Z
1229,"Independent Dealer For Kaeser & Blair Inc",,,Graphics,53,,"click.com - Retention",new,,,2026-06-19T01:21:50.000000Z,2026-06-19T01:21:50.000000Z
1230,"High Point Graphics And Printing",,,Graphics,53,,"click.com - Retention",new,,,2026-06-19T01:21:51.000000Z,2026-06-19T01:21:51.000000Z
1231,"Amir & Jeremiah Retail LLC",,,Graphics,53,,"click.com - Retention",new,,,2026-06-19T01:21:52.000000Z,2026-06-19T01:21:52.000000Z
1232,"EJ Travels Unlimited",,,Graphics,53,,"click.com - Retention",new,,,2026-06-19T01:21:52.000000Z,2026-06-19T01:21:52.000000Z
1233,"Nails And Beauty Llc",,,Graphics,53,,"click.com - Retention",new,,,2026-06-19T01:21:52.000000Z,2026-06-19T01:21:52.000000Z
1234,"The Press Graphics LLC",,,Graphics,53,Blacklisted,"click.com - Retention",new,,,2026-06-19T01:21:53.000000Z,2026-06-19T01:21:53.000000Z
1235,"Xtreme Ink",,,Graphics,53,,"click.com - Retention",new,,,2026-06-19T01:21:53.000000Z,2026-06-19T01:21:53.000000Z
1236,"Pisgah Graphics LLC",,,Graphics,53,,"click.com - Retention",new,,,2026-06-19T01:21:54.000000Z,2026-06-19T01:21:54.000000Z
1237,"American Athlete LLC",,,Graphics,53,,"click.com - Retention",new,,,2026-06-19T01:21:55.000000Z,2026-06-19T01:21:55.000000Z
1238,"Impact Printers & Lithographers",,,Graphics,53,,"click.com - Retention",new,,,2026-06-19T01:21:55.000000Z,2026-06-19T01:21:55.000000Z
1239,"Midwest Synthetic Turf LLC",www.weinsurefun.com,,Graphics,53,,"click.com - Retention",new,,,2026-06-19T01:21:56.000000Z,2026-06-19T01:21:56.000000Z
1240,"Staerk Design LLC",,,Graphics,53,,"click.com - Retention",new,,,2026-06-19T01:21:56.000000Z,2026-06-19T01:21:56.000000Z
1241,"KOLORKRAZE LLC",,,Graphics,53,,"click.com - Retention",new,,,2026-06-19T01:21:57.000000Z,2026-06-19T01:21:57.000000Z
1242,"Summit County Signs",,,Graphics,53,,"click.com - Retention",new,,,2026-06-19T01:21:57.000000Z,2026-06-19T01:21:57.000000Z
1243,"Pixel Print",,,Graphics,53,,"click.com - Retention",new,,,2026-06-19T01:21:58.000000Z,2026-06-19T01:21:58.000000Z
1244,"Xpress Imaging",,,Graphics,53,,"click.com - Retention",new,,,2026-06-19T01:21:58.000000Z,2026-06-19T01:21:58.000000Z
1245,"American Branding Solutions Inc",,,Graphics,53,,"click.com - Retention",new,,,2026-06-19T01:21:58.000000Z,2026-06-19T01:21:58.000000Z
1246,BmorePromo,,,Graphics,53,,"click.com - Retention",new,,,2026-06-19T01:21:59.000000Z,2026-06-19T01:21:59.000000Z
1247,"KNOD Designs",,,Graphics,53,,"click.com - Retention",new,,,2026-06-19T01:21:59.000000Z,2026-06-19T01:21:59.000000Z
1248,"Public Image Co.",,,Graphics,53,,"click.com - Retention",new,,,2026-06-19T01:22:00.000000Z,2026-06-19T01:22:00.000000Z
1249,"Charlie’s Trophy Shop",,,Graphics,53,,"click.com - Retention",new,,,2026-06-19T01:22:00.000000Z,2026-06-19T01:22:00.000000Z
1250,"Tootbrand L.L.C",,,Graphics,53,,"click.com - Retention",new,,,2026-06-19T01:22:01.000000Z,2026-06-19T01:22:01.000000Z
1251,"Surface Apparel Co.",,,Graphics,53,,"click.com - Retention",new,,,2026-06-19T01:22:01.000000Z,2026-06-19T01:22:01.000000Z
1252,"New Images Of SC",,,Graphics,53,,"click.com - Retention",new,,,2026-06-19T01:22:01.000000Z,2026-06-19T01:22:01.000000Z
1253,"Visual Identity Products",,,Graphics,53,,"click.com - Retention",new,,,2026-06-19T01:22:02.000000Z,2026-06-19T01:22:02.000000Z
1254,"PETCAN Recycling LLC",,,Graphics,53,,"click.com - Retention",new,,,2026-06-19T01:22:02.000000Z,2026-06-19T01:22:02.000000Z
1255,"146 Sign Company LLC",,,Graphics,53,,"click.com - Retention",new,,,2026-06-19T01:22:02.000000Z,2026-06-19T01:22:02.000000Z
1256,"Riviera Labels Ltd",,,Graphics,53,,"click.com - Retention",new,,,2026-06-19T01:22:03.000000Z,2026-06-19T01:22:03.000000Z
1257,"Walsh Innovative Designs",,,Graphics,53,,"click.com - Retention",new,,,2026-06-19T01:22:03.000000Z,2026-06-19T01:22:03.000000Z
1258,"MVM Customer Doormats And More LLC",,,Graphics,53,,"click.com - Retention",new,,,2026-06-19T01:22:04.000000Z,2026-06-19T01:22:04.000000Z
1259,"In Living Color Creations LLC",,,Graphics,53,,"click.com - Retention",new,,,2026-06-19T01:22:04.000000Z,2026-06-19T01:22:04.000000Z
1260,"Zenith Printshop",,,Graphics,53,,"click.com - Retention",new,,,2026-06-19T01:22:04.000000Z,2026-06-19T01:22:04.000000Z
1261,"Print This Inc",,,Graphics,53,,"click.com - Retention",new,,,2026-06-19T01:22:05.000000Z,2026-06-19T01:22:05.000000Z
1262,ENFUSE,www.enfuse.com,,Graphics,53,,"click.com - Retention",new,,,2026-06-19T01:22:05.000000Z,2026-06-19T01:22:05.000000Z
1263,"BLACK PURPLE & GOLD SHOP OF",,,Graphics,53,,"click.com - Retention",new,,,2026-06-19T01:22:05.000000Z,2026-06-19T01:22:05.000000Z
1264,"The Ink Spot",,,Graphics,53,,"click.com - Retention",new,,,2026-06-19T01:22:06.000000Z,2026-06-19T01:22:06.000000Z
1265,"Cloth Tattoo",,,Graphics,53,,"click.com - Retention",new,,,2026-06-19T01:22:06.000000Z,2026-06-19T01:22:06.000000Z
1266,"Ace Advertising",,,Graphics,53,,"click.com - Retention",new,,,2026-06-19T01:22:07.000000Z,2026-06-19T01:22:07.000000Z
1267,"AC4Design LLC",,,Graphics,53,,"click.com - Retention",new,,,2026-06-19T01:22:07.000000Z,2026-06-19T01:22:07.000000Z
1268,"BAY PRINTERS CHICAGO",,,Graphics,53,,"click.com - Retention",new,,,2026-06-19T01:22:07.000000Z,2026-06-19T01:22:07.000000Z
1269,"GC Designs  LLC",,,Graphics,53,,"click.com - Retention",new,,,2026-06-19T01:22:07.000000Z,2026-06-19T01:22:07.000000Z
1270,"Rocket Media Inc",,,Graphics,53,,"click.com - Retention",new,,,2026-06-19T01:22:08.000000Z,2026-06-19T01:22:08.000000Z
1271,"HANIGAN Printing & Promtional Products",,,Graphics,53,Blacklisted,"click.com - Retention",new,,,2026-06-19T01:22:08.000000Z,2026-06-19T01:22:08.000000Z
1272,"SignCrafters Of Florida",,,Graphics,53,,"click.com - Retention",new,,,2026-06-19T01:22:09.000000Z,2026-06-19T01:22:09.000000Z
1273,"CR3 Print Solutions",,,Graphics,53,,"click.com - Retention",new,,,2026-06-19T01:22:09.000000Z,2026-06-19T01:22:09.000000Z
1274,"Talk Of The Town Silk Screen",,,Graphics,53,,"click.com - Retention",new,,,2026-06-19T01:22:09.000000Z,2026-06-19T01:22:09.000000Z
1275,Finchfinishes.com,,,Graphics,53,,"click.com - Retention",new,,,2026-06-19T01:22:10.000000Z,2026-06-19T01:22:10.000000Z
1276,"Minuteman Press Manalapan",,,Graphics,53,,"click.com - Retention",new,,,2026-06-19T01:22:10.000000Z,2026-06-19T01:22:10.000000Z
1277,"BDA Inc",,,Graphics,53,,"click.com - Retention",new,,,2026-06-19T01:22:10.000000Z,2026-06-19T01:22:10.000000Z
1278,"Midwest Monograms Promotions LLC",,,Graphics,53,,"click.com - Retention",new,,,2026-06-19T01:22:11.000000Z,2026-06-19T01:22:11.000000Z
1279,"Saturn Signs",,,Graphics,53,,"click.com - Retention",new,,,2026-06-19T01:22:11.000000Z,2026-06-19T01:22:11.000000Z
1280,"West Stella LLC",,,Graphics,53,,"click.com - Retention",new,,,2026-06-19T01:22:11.000000Z,2026-06-19T01:22:11.000000Z
1281,"Luxury Glass Tinting Inc.",,,Graphics,53,,"click.com - Retention",new,,,2026-06-19T01:22:12.000000Z,2026-06-19T01:22:12.000000Z
1282,"Melodys Reflections",,,Graphics,53,,"click.com - Retention",new,,,2026-06-19T01:22:12.000000Z,2026-06-19T01:22:12.000000Z
1283,"4 Tech Signs And Graphics LLC",,,Graphics,53,,"click.com - Retention",new,,,2026-06-19T01:22:12.000000Z,2026-06-19T01:22:12.000000Z
1284,"ADVANCED HEALTH & SOUL",,,Graphics,53,,"click.com - Retention",new,,,2026-06-19T01:22:13.000000Z,2026-06-19T01:22:13.000000Z
1285,"Hi Tech Ad Specialties",,,Graphics,53,,"click.com - Retention",new,,,2026-06-19T01:22:13.000000Z,2026-06-19T01:22:13.000000Z
1286,Forumlightdesigns,,,Graphics,53,,"click.com - Retention",new,,,2026-06-19T01:22:14.000000Z,2026-06-19T01:22:14.000000Z
1287,"Printing Paradise And Promotions LLC Dba Minuteman Press",,,Graphics,53,,"click.com - Retention",new,,,2026-06-19T01:22:14.000000Z,2026-06-19T01:22:14.000000Z
1288,"Alrho Creative Promotions  Inc.",,,Graphics,53,,"click.com - Retention",new,,,2026-06-19T01:22:14.000000Z,2026-06-19T01:22:14.000000Z
1289,"Cooleys Creations",,,Graphics,53,,"click.com - Retention",new,,,2026-06-19T01:22:15.000000Z,2026-06-19T01:22:15.000000Z
1290,"Cacklin Hens  Co",,,Graphics,53,,"click.com - Retention",new,,,2026-06-19T01:22:15.000000Z,2026-06-19T01:22:15.000000Z
1291,"GS Promotions Inc.",www.gspromotions.ca,,Graphics,53,Blacklisted,"click.com - Retention",new,,,2026-06-19T01:22:15.000000Z,2026-06-19T01:22:15.000000Z
1292,M3Designs,,,Graphics,53,Blacklisted,"click.com - Retention",new,,,2026-06-19T01:22:16.000000Z,2026-06-19T01:22:16.000000Z
1293,"DHS SIGNS & GRAPHICS",,,Graphics,53,,"click.com - Retention",new,,,2026-06-19T01:22:16.000000Z,2026-06-19T01:22:16.000000Z
1294,"The Print Shop",,,Graphics,53,,"click.com - Retention",new,,,2026-06-19T01:22:16.000000Z,2026-06-19T01:22:16.000000Z
1295,"King S Embroidery Services",,,Graphics,53,,"click.com - Retention",new,,,2026-06-19T01:22:17.000000Z,2026-06-19T01:22:17.000000Z
1296,Promoz,,,Graphics,53,Blacklisted,"click.com - Retention",new,,,2026-06-19T01:22:17.000000Z,2026-06-19T01:22:17.000000Z
1297,"The   Scrub    Shoppe    LLC",,,Graphics,53,Blacklisted,"click.com - Retention",new,,,2026-06-19T01:22:18.000000Z,2026-06-19T01:22:18.000000Z
1298,"FUNdamentals Go Learning Hub LLC",,,Graphics,53,,"click.com - Retention",new,,,2026-06-19T01:22:18.000000Z,2026-06-19T01:22:18.000000Z
1299,"Portson Designs",,,Graphics,53,,"click.com - Retention",new,,,2026-06-19T01:22:19.000000Z,2026-06-19T01:22:19.000000Z
1300,"Look What Lisa Made",,,Graphics,53,,"click.com - Retention",new,,,2026-06-19T01:22:20.000000Z,2026-06-19T01:22:20.000000Z
1301,"Hall Letter Shop Inc",,,Graphics,53,,"click.com - Retention",new,,,2026-06-19T01:22:20.000000Z,2026-06-19T01:22:20.000000Z
1302,"Ncredible Designs",,,Graphics,53,,"click.com - Retention",new,,,2026-06-19T01:22:21.000000Z,2026-06-19T01:22:21.000000Z
1303,"FASTSIGNS San Antonio NW",,,Graphics,53,,"click.com - Retention",new,,,2026-06-19T01:22:21.000000Z,2026-06-19T01:22:21.000000Z
1304,"XOXO Frances",,,Graphics,53,,"click.com - Retention",new,,,2026-06-19T01:22:22.000000Z,2026-06-19T01:22:22.000000Z
1305,Talbot,,,Graphics,53,,"click.com - Retention",new,,,2026-06-19T01:22:22.000000Z,2026-06-19T01:22:22.000000Z
1306,"Kevin Carpenter Interiors  LLC",,,Graphics,53,,"click.com - Retention",new,,,2026-06-19T01:22:23.000000Z,2026-06-19T01:22:23.000000Z
1307,T-7,,,Graphics,53,,"click.com - Retention",new,,,2026-06-19T01:22:23.000000Z,2026-06-19T01:22:23.000000Z
1308,"The Print Shoppe",,,Graphics,53,,"click.com - Retention",new,,,2026-06-19T01:22:23.000000Z,2026-06-19T01:22:23.000000Z
1309,"Freedom Printers LLC",,,Graphics,53,,"click.com - Retention",new,,,2026-06-19T01:22:24.000000Z,2026-06-19T01:22:24.000000Z
1310,"Lazy M Branding Specialist",,,Graphics,53,,"click.com - Retention",new,,,2026-06-19T01:22:24.000000Z,2026-06-19T01:22:24.000000Z
1311,"Sir Speedy Chicago Milwaukee Ave",,,Graphics,53,,"click.com - Retention",new,,,2026-06-19T01:22:25.000000Z,2026-06-19T01:22:25.000000Z
1312,"Crafty Beignet",,,Graphics,53,,"click.com - Retention",new,,,2026-06-19T01:22:25.000000Z,2026-06-19T01:22:25.000000Z
1313,"Revival Inc",,,Graphics,53,,"click.com - Retention",new,,,2026-06-19T01:22:26.000000Z,2026-06-19T01:22:26.000000Z
1314,Faststitch,,,Graphics,53,,"click.com - Retention",new,,,2026-06-19T01:22:26.000000Z,2026-06-19T01:22:26.000000Z
1315,"Tryall Inc",www.tryallworkwear.com,,Graphics,53,,"click.com - Retention",new,,,2026-06-19T01:22:27.000000Z,2026-06-19T01:22:27.000000Z
1316,"Strategic Factory",,,Graphics,53,,"click.com - Retention",new,,,2026-06-19T01:22:27.000000Z,2026-06-19T01:22:27.000000Z
1317,"CV Graphics",,,Graphics,53,,"click.com - Retention",new,,,2026-06-19T01:22:28.000000Z,2026-06-19T01:22:28.000000Z
1318,"PrintSource Group",,,Graphics,53,,"click.com - Retention",new,,,2026-06-19T01:22:28.000000Z,2026-06-19T01:22:28.000000Z
1319,"MB Screen Print",,,Graphics,53,,"click.com - Retention",new,,,2026-06-19T01:22:29.000000Z,2026-06-19T01:22:29.000000Z
1320,"yulshootz llc",,,Graphics,53,,"click.com - Retention",new,,,2026-06-19T01:22:29.000000Z,2026-06-19T01:22:29.000000Z
1321,"Collegiate Productions CPS INC",,,Graphics,53,,"click.com - Retention",new,,,2026-06-19T01:22:29.000000Z,2026-06-19T01:22:29.000000Z
1322,"Proforma Advantage Systems",,,Graphics,53,,"click.com - Retention",new,,,2026-06-19T01:22:30.000000Z,2026-06-19T01:22:30.000000Z
1323,legacy-logos,,,Graphics,53,,"click.com - Retention",new,,,2026-06-19T01:22:30.000000Z,2026-06-19T01:22:30.000000Z
1324,"Sam V. Lane-Graphic Design",,,Graphics,53,,"click.com - Retention",new,,,2026-06-19T01:22:31.000000Z,2026-06-19T01:22:31.000000Z
1325,"929 Design Co.     ",,,Graphics,53,Blacklisted,"click.com - Retention",new,,,2026-06-19T01:22:31.000000Z,2026-06-19T01:22:31.000000Z
1326,"Synergy Printing",,,Graphics,53,,"click.com - Retention",new,,,2026-06-19T01:22:31.000000Z,2026-06-19T01:22:31.000000Z
1327,"Cashland Apparel",,,Graphics,53,,"click.com - Retention",new,,,2026-06-19T01:22:32.000000Z,2026-06-19T01:22:32.000000Z
1328,"  Hoopla",,,Graphics,53,,"click.com - Retention",new,,,2026-06-19T01:22:32.000000Z,2026-06-19T01:22:32.000000Z
1329,"Dionne F Hobbs, LLC",,,Graphics,53,,"click.com - Retention",new,,,2026-06-19T01:22:33.000000Z,2026-06-19T01:22:33.000000Z
1330,"HMD Fitness",,,Graphics,53,,"click.com - Retention",new,,,2026-06-19T01:22:33.000000Z,2026-06-19T01:22:33.000000Z
1331,"Lisa - Individual",,,Graphics,53,,"click.com - Retention",new,,,2026-06-19T01:22:33.000000Z,2026-06-19T01:22:33.000000Z
1332,"Artimus Concepts LLC",,,Graphics,53,,"click.com - Retention",new,,,2026-06-19T01:22:34.000000Z,2026-06-19T01:22:34.000000Z
1333,"U.S. Military Name Tapes LLC",,,Graphics,53,,"click.com - Retention",new,,,2026-06-19T01:22:34.000000Z,2026-06-19T01:22:34.000000Z
1334,"Sew Funky Creations",,,Graphics,53,,"click.com - Retention",new,,,2026-06-19T01:22:34.000000Z,2026-06-19T01:22:34.000000Z
1335,"printing discounters",,,Graphics,53,,"click.com - Retention",new,,,2026-06-19T01:22:35.000000Z,2026-06-19T01:22:35.000000Z
1336,"Lb Graphics ",,,Graphics,53,Blacklisted,"click.com - Retention",new,,,2026-06-19T01:22:35.000000Z,2026-06-19T01:22:35.000000Z
1337,"pony express IT",,,Graphics,53,,"click.com - Retention",new,,,2026-06-19T01:22:35.000000Z,2026-06-19T01:22:35.000000Z
1338,"YAF Products Corp",,,Graphics,53,,"click.com - Retention",new,,,2026-06-19T01:22:36.000000Z,2026-06-19T01:22:36.000000Z
1339,"Manhattan Trophy & Promo",,,Graphics,53,,"click.com - Retention",new,,,2026-06-19T01:22:36.000000Z,2026-06-19T01:22:36.000000Z
1340,"Pam's Promos.",,,Graphics,53,,"click.com - Retention",new,,,2026-06-19T01:22:37.000000Z,2026-06-19T01:22:37.000000Z
1341,"Co Specialty Ad Pros",,,Graphics,53,,"click.com - Retention",new,,,2026-06-19T01:22:37.000000Z,2026-06-19T01:22:37.000000Z
1342,MisprintMisfit,,,Graphics,53,,"click.com - Retention",new,,,2026-06-19T01:22:37.000000Z,2026-06-19T01:22:37.000000Z
1343,"F5 Branding Co.  ",,,Graphics,53,,"click.com - Retention",new,,,2026-06-19T01:22:38.000000Z,2026-06-19T01:22:38.000000Z
1344,"Marcel CreativesMarcel Creatives",,,Graphics,53,,"click.com - Retention",new,,,2026-06-19T01:22:38.000000Z,2026-06-19T01:22:38.000000Z
1345,"Sunset Glass Tinting",,,Graphics,53,,"click.com - Retention",new,,,2026-06-19T01:22:38.000000Z,2026-06-19T01:22:38.000000Z
1346,"Poole Bay Holdings",,,Graphics,53,,"click.com - Retention",new,,,2026-06-19T01:22:39.000000Z,2026-06-19T01:22:39.000000Z
1347,"Patty Wack Apparel",,,Graphics,53,,"click.com - Retention",new,,,2026-06-19T01:22:39.000000Z,2026-06-19T01:22:39.000000Z
1348,"A.N.D Design Studio",,,Graphics,53,,"click.com - Retention",new,,,2026-06-19T01:22:39.000000Z,2026-06-19T01:22:39.000000Z
1349,"Hartford Sign & Design",,,Graphics,53,,"click.com - Retention",new,,,2026-06-19T01:22:40.000000Z,2026-06-19T01:22:40.000000Z
1350,"Minuteman Press Pompano Beach",,,Graphics,53,,"click.com - Retention",new,,,2026-06-19T01:22:40.000000Z,2026-06-19T01:22:40.000000Z
1351,"Javis Taylor800 Olive St",,,Graphics,53,,"click.com - Retention",new,,,2026-06-19T01:22:41.000000Z,2026-06-19T01:22:41.000000Z
1352,"GAMALI LLC",,,Graphics,53,,"click.com - Retention",new,,,2026-06-19T01:22:41.000000Z,2026-06-19T01:22:41.000000Z
1353,"Outland Productions LLC",,,Graphics,53,,"click.com - Retention",new,,,2026-06-19T01:22:41.000000Z,2026-06-19T01:22:41.000000Z
1354,"Max Potential",,,Graphics,53,,"click.com - Retention",new,,,2026-06-19T01:22:42.000000Z,2026-06-19T01:22:42.000000Z
1355,"Image Impact INC",,,Graphics,53,,"click.com - Retention",new,,,2026-06-19T01:22:42.000000Z,2026-06-19T01:22:42.000000Z
1356,"Premier Repro & Print Limited ",,,Graphics,53,,"click.com - Retention",new,,,2026-06-19T01:22:43.000000Z,2026-06-19T01:22:43.000000Z
1357,"Far From Stock",,,Graphics,53,Blacklisted,"click.com - Retention",new,,,2026-06-19T01:22:43.000000Z,2026-06-19T01:22:43.000000Z
1358,"Combined Sales",,,Graphics,53,,"click.com - Retention",new,,,2026-06-19T01:22:44.000000Z,2026-06-19T01:22:44.000000Z
1359,"American Solutions for Business -",,,Graphics,53,,"click.com - Retention",new,,,2026-06-19T01:22:44.000000Z,2026-06-19T01:22:44.000000Z
1360,"ViaTech Publishing Solutions",,,Graphics,53,,"click.com - Retention",new,,,2026-06-19T01:22:44.000000Z,2026-06-19T01:22:44.000000Z
1361,"Woodlands Trophies",www.woodlandstrophies.com,,Graphics,53,,"click.com - Retention",new,,,2026-06-19T01:22:44.000000Z,2026-06-19T01:22:44.000000Z
1362,Blackstone-Graphics,,,Graphics,53,,"click.com - Retention",new,,,2026-06-19T01:22:45.000000Z,2026-06-19T01:22:45.000000Z
1363,"Interno Imaging",,,Graphics,53,Blacklisted,"click.com - Retention",new,,,2026-06-19T01:22:45.000000Z,2026-06-19T01:22:45.000000Z
1364,"Tri City Tees Screen Ptg",,,Graphics,53,,"click.com - Retention",new,,,2026-06-19T01:22:46.000000Z,2026-06-19T01:22:46.000000Z
1365,"Everything In Printing",,,Graphics,53,,"click.com - Retention",new,,,2026-06-19T01:22:46.000000Z,2026-06-19T01:22:46.000000Z
1366,"MEDLEY XPRESS LLC",,,Graphics,53,,"click.com - Retention",new,,,2026-06-19T01:22:47.000000Z,2026-06-19T01:22:47.000000Z
1367,"Epic Apparel",,,Graphics,53,,"click.com - Retention",new,,,2026-06-19T01:22:47.000000Z,2026-06-19T01:22:47.000000Z
1368,"Xtreme Cleaning ",,,Graphics,53,,"click.com - Retention",new,,,2026-06-19T01:22:47.000000Z,2026-06-19T01:22:47.000000Z
1369,"Biderman ",,,Graphics,53,,"click.com - Retention",new,,,2026-06-19T01:22:48.000000Z,2026-06-19T01:22:48.000000Z
1370,"Mailing Pros",,,Graphics,53,,"click.com - Retention",new,,,2026-06-19T01:22:48.000000Z,2026-06-19T01:22:48.000000Z
1371,"Signs 239, LLC",,,Graphics,53,,"click.com - Retention",new,,,2026-06-19T01:22:48.000000Z,2026-06-19T01:22:48.000000Z
1372,"Intense Custom Designs LLC",,,Graphics,53,,"click.com - Retention",new,,,2026-06-19T01:22:49.000000Z,2026-06-19T01:22:49.000000Z
1373,madleyexllc,,,Graphics,53,,"click.com - Retention",new,,,2026-06-19T01:22:49.000000Z,2026-06-19T01:22:49.000000Z
1374,"Calling Rock Systems",,,Graphics,53,,"click.com - Retention",new,,,2026-06-19T01:22:50.000000Z,2026-06-19T01:22:50.000000Z
1375,"K&M Sports",,,Graphics,53,,"click.com - Retention",new,,,2026-06-19T01:22:50.000000Z,2026-06-19T01:22:50.000000Z
1376,"Steve's Sports Inc.",,,Graphics,53,,"click.com - Retention",new,,,2026-06-19T01:22:51.000000Z,2026-06-19T01:22:51.000000Z
1377,"Empire Ink and Thread",,,Graphics,53,,"click.com - Retention",new,,,2026-06-19T01:22:51.000000Z,2026-06-19T01:22:51.000000Z
1378,"VANDYK MORTGAGE",,,Graphics,53,,"click.com - Retention",new,,,2026-06-19T01:22:51.000000Z,2026-06-19T01:22:51.000000Z
1379,"JRB Gelato",,,Graphics,53,,"click.com - Retention",new,,,2026-06-19T01:22:52.000000Z,2026-06-19T01:22:52.000000Z
1380,"Diversified Products USA",,,Graphics,53,Blacklisted,"click.com - Retention",new,,,2026-06-19T01:22:52.000000Z,2026-06-19T01:22:52.000000Z
1381,"Boldman Printing LLC  ",,,Graphics,53,,"click.com - Retention",new,,,2026-06-19T01:22:52.000000Z,2026-06-19T01:22:52.000000Z
1382,"Atelier Sisi",,,Graphics,53,,"click.com - Retention",new,,,2026-06-19T01:22:53.000000Z,2026-06-19T01:22:53.000000Z
1383,"Smiley Graphics & Promotions",,,Graphics,53,,"click.com - Retention",new,,,2026-06-19T01:22:53.000000Z,2026-06-19T01:22:53.000000Z
1384,"Bourbon & Bloom Printing, llc",,,Graphics,53,,"click.com - Retention",new,,,2026-06-19T01:22:54.000000Z,2026-06-19T01:22:54.000000Z
1385,"MDG Stitches LLC",,,Graphics,53,,"click.com - Retention",new,,,2026-06-19T01:22:54.000000Z,2026-06-19T01:22:54.000000Z
1386,"Modesto Signs Inc",,,Graphics,53,,"click.com - Retention",new,,,2026-06-19T01:22:54.000000Z,2026-06-19T01:22:54.000000Z
1387,"Mavao Studio",,,Graphics,53,,"click.com - Retention",new,,,2026-06-19T01:22:54.000000Z,2026-06-19T01:22:54.000000Z
1388,"Digital Color Technologies",,,Graphics,53,,"click.com - Retention",new,,,2026-06-19T01:22:55.000000Z,2026-06-19T01:22:55.000000Z
1389,"Mixtape Marketing Group dba Minuteman Press",,,Graphics,53,,"click.com - Retention",new,,,2026-06-19T01:22:55.000000Z,2026-06-19T01:22:55.000000Z
1390,"Henderson Printing",,,Graphics,53,,"click.com - Retention",new,,,2026-06-19T01:22:55.000000Z,2026-06-19T01:22:55.000000Z
1391,"AUSTIN PREMIUMS LLC",,,Graphics,53,,"click.com - Retention",new,,,2026-06-19T01:22:55.000000Z,2026-06-19T01:22:55.000000Z
1392,"Del Valle Design & Imaging",,,Graphics,53,,"click.com - Retention",new,,,2026-06-19T01:22:56.000000Z,2026-06-19T01:22:56.000000Z
1393,"Tootie's mom",,,Graphics,53,,"click.com - Retention",new,,,2026-06-19T01:22:56.000000Z,2026-06-19T01:22:56.000000Z
1394,"Nanny's Creative Design, LLC.",,,Graphics,53,,"click.com - Retention",new,,,2026-06-19T01:22:57.000000Z,2026-06-19T01:22:57.000000Z
1395,"W.P.M. Solutions LLC",,,Graphics,53,,"click.com - Retention",new,,,2026-06-19T01:22:57.000000Z,2026-06-19T01:22:57.000000Z
1396,"JOY MARKETING SOLUTIONS",,,Graphics,53,,"click.com - Retention",new,,,2026-06-19T01:22:57.000000Z,2026-06-19T01:22:57.000000Z
1397,"Print 2 Prosper",,,Graphics,53,,"click.com - Retention",new,,,2026-06-19T01:22:58.000000Z,2026-06-19T01:22:58.000000Z
1398,"Dirt Societu",,,Graphics,53,,"click.com - Retention",new,,,2026-06-19T01:22:58.000000Z,2026-06-19T01:22:58.000000Z
1399,"Creative Screen Printing and Embroidery",,,Graphics,53,,"click.com - Retention",new,,,2026-06-19T01:22:58.000000Z,2026-06-19T01:22:58.000000Z
1400,"One Off Marketing",,,Graphics,53,,"click.com - Retention",new,,,2026-06-19T01:22:59.000000Z,2026-06-19T01:22:59.000000Z
1401,"All-out screen printing",,,Graphics,53,,"click.com - Retention",new,,,2026-06-19T01:22:59.000000Z,2026-06-19T01:22:59.000000Z
1402,"digital photo graphic",,,Graphics,53,,"click.com - Retention",new,,,2026-06-19T01:23:00.000000Z,2026-06-19T01:23:00.000000Z
1403,"Uptimize Design LLC.",,,Graphics,53,,"click.com - Retention",new,,,2026-06-19T01:23:00.000000Z,2026-06-19T01:23:00.000000Z
1404,"Nod Original Designs",,,Graphics,53,,"click.com - Retention",new,,,2026-06-19T01:23:00.000000Z,2026-06-19T01:23:00.000000Z
1405,"T-Shirt Engineers ",,,Graphics,53,,"click.com - Retention",new,,,2026-06-19T01:23:01.000000Z,2026-06-19T01:23:01.000000Z
1406,"Kingdom of Light Apparel LLC",,,Graphics,53,,"click.com - Retention",new,,,2026-06-19T01:23:01.000000Z,2026-06-19T01:23:01.000000Z
1407,"National Advertising and Printing Corp.",,,Graphics,53,,"click.com - Retention",new,,,2026-06-19T01:23:02.000000Z,2026-06-19T01:23:02.000000Z
1408,"BJ Promotions Inc",,,Graphics,53,,"click.com - Retention",new,,,2026-06-19T01:23:02.000000Z,2026-06-19T01:23:02.000000Z
1409,"Snappy Print",,,Graphics,53,,"click.com - Retention",new,,,2026-06-19T01:23:03.000000Z,2026-06-19T01:23:03.000000Z
1410,"Fast Copy and Blue Print",,,Graphics,53,,"click.com - Retention",new,,,2026-06-19T01:23:03.000000Z,2026-06-19T01:23:03.000000Z
1411,"Colorado Christian University",,,Graphics,53,,"click.com - Retention",new,,,2026-06-19T01:23:04.000000Z,2026-06-19T01:23:04.000000Z
1412,"FastSigns Northlake-Tucker",,,Graphics,53,,"click.com - Retention",new,,,2026-06-19T01:23:04.000000Z,2026-06-19T01:23:04.000000Z
1413,"Frederick Dwayne Williams Jr (INDIVIDUAL)",,,Graphics,53,,"click.com - Retention",new,,,2026-06-19T01:23:04.000000Z,2026-06-19T01:23:04.000000Z
1414,"Patterson Graphics",,,Graphics,53,,"click.com - Retention",new,,,2026-06-19T01:23:04.000000Z,2026-06-19T01:23:04.000000Z
1415,"INK Saint Louis",,,Graphics,53,,"click.com - Retention",new,,,2026-06-19T01:23:05.000000Z,2026-06-19T01:23:05.000000Z
1416,"The Tshirt Guys",,,Graphics,53,,"click.com - Retention",new,,,2026-06-19T01:23:05.000000Z,2026-06-19T01:23:05.000000Z
1417,"S&S Promotional Group",,,Graphics,53,,"click.com - Retention",new,,,2026-06-19T01:23:05.000000Z,2026-06-19T01:23:05.000000Z
1418,SourcePromo,,,Graphics,53,,"click.com - Retention",new,,,2026-06-19T01:23:06.000000Z,2026-06-19T01:23:06.000000Z
1419,"Abundant Design",,,Graphics,53,,"click.com - Retention",new,,,2026-06-19T01:23:06.000000Z,2026-06-19T01:23:06.000000Z
1420,"3rd Eye Ink",,,Graphics,53,,"click.com - Retention",new,,,2026-06-19T01:23:07.000000Z,2026-06-19T01:23:07.000000Z
1421,"Julia and Associates Team",,,Graphics,53,,"click.com - Retention",new,,,2026-06-19T01:23:07.000000Z,2026-06-19T01:23:07.000000Z
1422,"Von Sign Company Inc.",,,Graphics,53,,"click.com - Retention",new,,,2026-06-19T01:23:08.000000Z,2026-06-19T01:23:08.000000Z
1423,"Vernon J. Petri & Associates",,,Graphics,53,,"click.com - Retention",new,,,2026-06-19T01:23:08.000000Z,2026-06-19T01:23:08.000000Z
1424,"Global Signs",,,Graphics,53,,"click.com - Retention",new,,,2026-06-19T01:23:08.000000Z,2026-06-19T01:23:08.000000Z
1425,"Coastside Printers",,,Graphics,53,,"click.com - Retention",new,,,2026-06-19T01:23:09.000000Z,2026-06-19T01:23:09.000000Z
1426,"Fall Brook adverstisement",,,Graphics,53,,"click.com - Retention",new,,,2026-06-19T01:23:09.000000Z,2026-06-19T01:23:09.000000Z
1427,"American Solutions for Business - Ryan",,,Graphics,53,,"click.com - Retention",new,,,2026-06-19T01:23:10.000000Z,2026-06-19T01:23:10.000000Z
1428,"Exceed Applied Graphics",,,Graphics,53,,"click.com - Retention",new,,,2026-06-19T01:23:10.000000Z,2026-06-19T01:23:10.000000Z
1429,"Swayve Studio",,,Graphics,53,,"click.com - Retention",new,,,2026-06-19T01:23:10.000000Z,2026-06-19T01:23:10.000000Z
1430,"FASTSIGNS of Ft Lauderdale, FL",,,Graphics,53,,"click.com - Retention",new,,,2026-06-19T01:23:11.000000Z,2026-06-19T01:23:11.000000Z
1431,"Fastsigns - Laura Raines",,,Graphics,53,,"click.com - Retention",new,,,2026-06-19T01:23:12.000000Z,2026-06-19T01:23:12.000000Z
1432,"American Solutions for Business - Monte ",,,Graphics,53,,"click.com - Retention",new,,,2026-06-19T01:23:12.000000Z,2026-06-19T01:23:12.000000Z
1433,"americanbus-AMY   KOVACH",,,Graphics,53,,"click.com - Retention",new,,,2026-06-19T01:23:12.000000Z,2026-06-19T01:23:12.000000Z
1434,"MZ Signs",,,Graphics,53,,"click.com - Retention",new,,,2026-06-19T01:23:13.000000Z,2026-06-19T01:23:13.000000Z
1435,Liquimix,,,Graphics,53,,"click.com - Retention",new,,,2026-06-19T01:23:13.000000Z,2026-06-19T01:23:13.000000Z
1436,"Design & Label",,,Graphics,53,,"click.com - Retention",new,,,2026-06-19T01:23:14.000000Z,2026-06-19T01:23:14.000000Z
1437,"USA Digital",,,Graphics,53,,"click.com - Retention",new,,,2026-06-19T01:23:14.000000Z,2026-06-19T01:23:14.000000Z
1438,"PHLI WEAR LLC",,,Graphics,53,,"click.com - Retention",new,,,2026-06-19T01:23:14.000000Z,2026-06-19T01:23:14.000000Z
1439,"Dual Desires LLC",,,Graphics,53,,"click.com - Retention",new,,,2026-06-19T01:23:15.000000Z,2026-06-19T01:23:15.000000Z
1440,"Signarama of Decatur",,,Graphics,53,,"click.com - Retention",new,,,2026-06-19T01:23:15.000000Z,2026-06-19T01:23:15.000000Z
1441,"THE BALLYHOO GROUP",,,Graphics,53,,"click.com - Retention",new,,,2026-06-19T01:23:16.000000Z,2026-06-19T01:23:16.000000Z
1442,"Printworld Limited",,,Graphics,53,,"click.com - Retention",new,,,2026-06-19T01:23:16.000000Z,2026-06-19T01:23:16.000000Z
1443,"creation by lou",,,Graphics,53,,"click.com - Retention",new,,,2026-06-19T01:23:17.000000Z,2026-06-19T01:23:17.000000Z
1444,"The 99",,,Graphics,53,,"click.com - Retention",new,,,2026-06-19T01:23:17.000000Z,2026-06-19T01:23:17.000000Z
1445,"Silverback Sports LLC",,,Graphics,53,,"click.com - Retention",new,,,2026-06-19T01:23:18.000000Z,2026-06-19T01:23:18.000000Z
1446,kmdezines,,,Graphics,53,,"click.com - Retention",new,,,2026-06-19T01:23:18.000000Z,2026-06-19T01:23:18.000000Z
1447,"Morris Group, LLC + Stryker-Munley Group Knoxville",,,Graphics,53,,"click.com - Retention",new,,,2026-06-19T01:23:18.000000Z,2026-06-19T01:23:18.000000Z
1448,"Simply The Best Promotions.",,,Graphics,53,,"click.com - Retention",new,,,2026-06-19T01:23:18.000000Z,2026-06-19T01:23:18.000000Z
1449,"Flagsource Southeast Inc.",,,Graphics,53,,"click.com - Retention",new,,,2026-06-19T01:23:19.000000Z,2026-06-19T01:23:19.000000Z
1450,"Jackson Hafemeister - INDIVIDUAL ",,,Graphics,53,,"click.com - Retention",new,,,2026-06-19T01:23:19.000000Z,2026-06-19T01:23:19.000000Z
1451,"Next Gen AZ LLC",,,Graphics,53,,"click.com - Retention",new,,,2026-06-19T01:23:19.000000Z,2026-06-19T01:23:19.000000Z
1452,"Bulldog Marketing",,,Graphics,53,,"click.com - Retention",new,,,2026-06-19T01:23:19.000000Z,2026-06-19T01:23:19.000000Z
1453,"SpeedPro Norcross",,,Graphics,53,,"click.com - Retention",new,,,2026-06-19T01:23:20.000000Z,2026-06-19T01:23:20.000000Z
1454,"DFW PRINT LAB",,,Graphics,53,,"click.com - Retention",new,,,2026-06-19T01:23:20.000000Z,2026-06-19T01:23:20.000000Z
1455,anthonyjmedina,,,Graphics,53,,"click.com - Retention",new,,,2026-06-19T01:23:20.000000Z,2026-06-19T01:23:20.000000Z
1456,"Competitive Ink",,,Graphics,53,,"click.com - Retention",new,,,2026-06-19T01:23:20.000000Z,2026-06-19T01:23:20.000000Z
1457,"Classic Embroidery by Mary",,,Graphics,53,,"click.com - Retention",new,,,2026-06-19T01:23:21.000000Z,2026-06-19T01:23:21.000000Z
1458,"Aspen & Oak Collective",,,Graphics,53,Blacklisted,"click.com - Retention",new,,,2026-06-19T01:23:21.000000Z,2026-06-19T01:23:21.000000Z
1459,"JC Special T  LLC",,,Graphics,53,,"click.com - Retention",new,,,2026-06-19T01:23:21.000000Z,2026-06-19T01:23:21.000000Z
1460,"Atila Media LLC.",,,Graphics,53,,"click.com - Retention",new,,,2026-06-19T01:23:22.000000Z,2026-06-19T01:23:22.000000Z
1461,"Red 5 printing",,,Graphics,53,,"click.com - Retention",new,,,2026-06-19T01:23:22.000000Z,2026-06-19T01:23:22.000000Z
1462,"Image 360 Shrewsbury",,,Graphics,53,,"click.com - Retention",new,,,2026-06-19T01:23:23.000000Z,2026-06-19T01:23:23.000000Z
1463,"American Solutions for Business - Vien ",,,Graphics,53,,"click.com - Retention",new,,,2026-06-19T01:23:23.000000Z,2026-06-19T01:23:23.000000Z
1464,"American Solutions for Business - Alex",,,Graphics,53,,"click.com - Retention",new,,,2026-06-19T01:23:24.000000Z,2026-06-19T01:23:24.000000Z
1465,"Lesli VanBuskirk",,,Graphics,53,,"click.com - Retention",new,,,2026-06-19T01:23:24.000000Z,2026-06-19T01:23:24.000000Z
1466,sign11,,,Graphics,53,,"click.com - Retention",new,,,2026-06-19T01:23:24.000000Z,2026-06-19T01:23:24.000000Z
1467,"LA Prints and Promos",,,Graphics,53,,"click.com - Retention",new,,,2026-06-19T01:23:24.000000Z,2026-06-19T01:23:24.000000Z
1468,"Skunkworks HQ",,,Graphics,53,,"click.com - Retention",new,,,2026-06-19T01:23:25.000000Z,2026-06-19T01:23:25.000000Z
1469,"Premier Industrial Supply",,,Graphics,53,,"click.com - Retention",new,,,2026-06-19T01:23:25.000000Z,2026-06-19T01:23:25.000000Z
1470,"Precision ThreadWorks LLC",,,Graphics,53,,"click.com - Retention",new,,,2026-06-19T01:23:25.000000Z,2026-06-19T01:23:25.000000Z
1471,"T N Hooks Sign Shop",,,Graphics,53,,"click.com - Retention",new,,,2026-06-19T01:23:25.000000Z,2026-06-19T01:23:25.000000Z
1472,T-Shirtmakers.com,,,Graphics,53,,"click.com - Retention",new,,,2026-06-19T01:23:26.000000Z,2026-06-19T01:23:26.000000Z
1473,"FastFrame #561",,,Graphics,53,,"click.com - Retention",new,,,2026-06-19T01:23:26.000000Z,2026-06-19T01:23:26.000000Z
1474,"KOLCUN INSURANCE AGENCY",,,Graphics,53,,"click.com - Retention",new,,,2026-06-19T01:23:26.000000Z,2026-06-19T01:23:26.000000Z
1475,"Cascade Financial Services",,,Graphics,53,,"click.com - Retention",new,,,2026-06-19T01:23:27.000000Z,2026-06-19T01:23:27.000000Z
1476,"KH Promotional Group, LLC",,,Graphics,53,,"click.com - Retention",new,,,2026-06-19T01:23:27.000000Z,2026-06-19T01:23:27.000000Z
1477,"J & D Custom Embroidery & Screen Printing",,,Graphics,53,,"click.com - Retention",new,,,2026-06-19T01:23:28.000000Z,2026-06-19T01:23:28.000000Z
1478,"nVIUS Graphics, Inc.",,,Graphics,53,,"click.com - Retention",new,,,2026-06-19T01:23:28.000000Z,2026-06-19T01:23:28.000000Z
1479,"MalysonCo ",,,Graphics,53,,"click.com - Retention",new,,,2026-06-19T01:23:28.000000Z,2026-06-19T01:23:28.000000Z
1480,"Jaden Printing Services",,,Graphics,53,,"click.com - Retention",new,,,2026-06-19T01:23:28.000000Z,2026-06-19T01:23:28.000000Z
1481,"So Chill Media LLC",,,Graphics,53,,"click.com - Retention",new,,,2026-06-19T01:23:29.000000Z,2026-06-19T01:23:29.000000Z
1482,"Punch Creative LLC",,,Graphics,53,,"click.com - Retention",new,,,2026-06-19T01:23:29.000000Z,2026-06-19T01:23:29.000000Z
1483,"Vital Signs USA",,,Graphics,53,,"click.com - Retention",new,,,2026-06-19T01:23:30.000000Z,2026-06-19T01:23:30.000000Z
1484,"Onsite Apparel",,,Graphics,53,,"click.com - Retention",new,,,2026-06-19T01:23:30.000000Z,2026-06-19T01:23:30.000000Z
1485,"Golati Sports.",,,Graphics,53,,"click.com - Retention",new,,,2026-06-19T01:23:31.000000Z,2026-06-19T01:23:31.000000Z
1486,"H3 Customs",,,Graphics,53,,"click.com - Retention",new,,,2026-06-19T01:23:31.000000Z,2026-06-19T01:23:31.000000Z
1487,"Green Day Landscaping",,,Graphics,53,,"click.com - Retention",new,,,2026-06-19T01:23:32.000000Z,2026-06-19T01:23:32.000000Z
1488,"Hi-Voltage Productions",,,Graphics,53,,"click.com - Retention",new,,,2026-06-19T01:23:32.000000Z,2026-06-19T01:23:32.000000Z
1489,"Image360 Round Rock",,,Graphics,53,,"click.com - Retention",new,,,2026-06-19T01:23:33.000000Z,2026-06-19T01:23:33.000000Z
1490,"Promotional Solutions LLC",,,Graphics,53,,"click.com - Retention",new,,,2026-06-19T01:23:33.000000Z,2026-06-19T01:23:33.000000Z
1491,"Magnolia Promotions",,,Graphics,53,,"click.com - Retention",new,,,2026-06-19T01:23:34.000000Z,2026-06-19T01:23:34.000000Z
1492,"ANG Printing ",,,Graphics,53,,"click.com - Retention",new,,,2026-06-19T01:23:34.000000Z,2026-06-19T01:23:34.000000Z
1493,"ArtWorks of Northwood",,,Graphics,53,,"click.com - Retention",new,,,2026-06-19T01:23:34.000000Z,2026-06-19T01:23:34.000000Z
1494,"C & C Custom Shop",,,Graphics,53,,"click.com - Retention",new,,,2026-06-19T01:23:35.000000Z,2026-06-19T01:23:35.000000Z
1495,"Mallof Enterprises ",,,Graphics,53,,"click.com - Retention",new,,,2026-06-19T01:23:35.000000Z,2026-06-19T01:23:35.000000Z
1496,"Mike Rodriguez Individual",,,Graphics,53,Blacklisted,"click.com - Retention",new,,,2026-06-19T01:23:36.000000Z,2026-06-19T01:23:36.000000Z
1497,"Blue Square Branding & Clear Images LLC",,,Graphics,53,,"click.com - Retention",new,,,2026-06-19T01:23:36.000000Z,2026-06-19T01:23:36.000000Z
1498,"TNL Promotions",,,Graphics,53,,"click.com - Retention",new,,,2026-06-19T01:23:37.000000Z,2026-06-19T01:23:37.000000Z
1499,"Mayfield Events",,,Graphics,53,,"click.com - Retention",new,,,2026-06-19T01:23:37.000000Z,2026-06-19T01:23:37.000000Z
1500,"ATL CNC ARCHITECTURAL PRODUCTS LLC",,,Graphics,53,,"click.com - Retention",new,,,2026-06-19T01:23:37.000000Z,2026-06-19T01:23:37.000000Z
1501,"President at Ferguson Specialties Inc.",www.fergusonspecialties.com,,Graphics,53,,"click.com - Retention",new,,,2026-06-19T01:23:37.000000Z,2026-06-19T01:23:37.000000Z
1502,"Allen's Power Equipment",,,Graphics,53,,"click.com - Retention",new,,,2026-06-19T01:23:38.000000Z,2026-06-19T01:23:38.000000Z
1503,"2101 october court Loris, SC",,,Graphics,53,,"click.com - Retention",new,,,2026-06-19T01:23:38.000000Z,2026-06-19T01:23:38.000000Z
1504,"Golden Dog Advertising LLC",,,Graphics,53,,"click.com - Retention",new,,,2026-06-19T01:23:38.000000Z,2026-06-19T01:23:38.000000Z
1505,"Ink & Beam Creations",,,Graphics,53,,"click.com - Retention",new,,,2026-06-19T01:23:39.000000Z,2026-06-19T01:23:39.000000Z
1506,"Subzi Mandi",,,Graphics,53,,"click.com - Retention",new,,,2026-06-19T01:23:39.000000Z,2026-06-19T01:23:39.000000Z
1507,FranApCo,,,Graphics,53,,"click.com - Retention",new,,,2026-06-19T01:23:39.000000Z,2026-06-19T01:23:39.000000Z
1508,"BlackBird Dsigns",,,Graphics,53,Blacklisted,"click.com - Retention",new,,,2026-06-19T01:23:40.000000Z,2026-06-19T01:23:40.000000Z
1509,"Brand Lab Gear",,,Graphics,53,,"click.com - Retention",new,,,2026-06-19T01:23:40.000000Z,2026-06-19T01:23:40.000000Z
1510,"Footprint Promotioms",,,Graphics,53,Blacklisted,"click.com - Retention",new,,,2026-06-19T01:23:41.000000Z,2026-06-19T01:23:41.000000Z
1511,"Saguaro Supply Co.",,,Graphics,53,,"click.com - Retention",new,,,2026-06-19T01:23:41.000000Z,2026-06-19T01:23:41.000000Z
1512,"Signarama-Gady Ginzburg",,,Graphics,53,,"click.com - Retention",new,,,2026-06-19T01:23:42.000000Z,2026-06-19T01:23:42.000000Z
1513,"Signs Now Nashville",,,Graphics,53,,"click.com - Retention",new,,,2026-06-19T01:23:42.000000Z,2026-06-19T01:23:42.000000Z
1514,flipsix,,,Graphics,53,,"click.com - Retention",new,,,2026-06-19T01:23:43.000000Z,2026-06-19T01:23:43.000000Z
1515,"Gillies signs",,,Graphics,53,,"click.com - Retention",new,,,2026-06-19T01:23:43.000000Z,2026-06-19T01:23:43.000000Z
1516,"Nassau Candy",,,Graphics,53,,"click.com - Retention",new,,,2026-06-19T01:23:43.000000Z,2026-06-19T01:23:43.000000Z
1517,"Tray Inc.",,,Graphics,53,,"click.com - Retention",new,,,2026-06-19T01:23:44.000000Z,2026-06-19T01:23:44.000000Z
1518,Cheyenne,,,Graphics,53,,"click.com - Retention",new,,,2026-06-19T01:23:44.000000Z,2026-06-19T01:23:44.000000Z
1519,"Star Sports",,,Graphics,53,,"click.com - Retention",new,,,2026-06-19T01:23:44.000000Z,2026-06-19T01:23:44.000000Z
1520,"The M516 Group",,,Graphics,53,,"click.com - Retention",new,,,2026-06-19T01:23:45.000000Z,2026-06-19T01:23:45.000000Z
1521,"Time Out Sportswear",,,Graphics,53,,"click.com - Retention",new,,,2026-06-19T01:23:45.000000Z,2026-06-19T01:23:45.000000Z
1522,"ONE OFF Printing",,,Graphics,53,,"click.com - Retention",new,,,2026-06-19T01:23:46.000000Z,2026-06-19T01:23:46.000000Z
1523,"Autograph Customs",,,Graphics,53,,"click.com - Retention",new,,,2026-06-19T01:23:46.000000Z,2026-06-19T01:23:46.000000Z
1524,"PHAN Collective Entertainment",,,Graphics,53,,"click.com - Retention",new,,,2026-06-19T01:23:47.000000Z,2026-06-19T01:23:47.000000Z
1525,"Print Ready Art",,,Graphics,53,,"click.com - Retention",new,,,2026-06-19T01:23:47.000000Z,2026-06-19T01:23:47.000000Z
1526,"Image360 Mokena                    ",,,Graphics,53,,"click.com - Retention",new,,,2026-06-19T01:23:48.000000Z,2026-06-19T01:23:48.000000Z
1527,"Second Skinz",,,Graphics,53,,"click.com - Retention",new,,,2026-06-19T01:23:48.000000Z,2026-06-19T01:23:48.000000Z
1528,"Miguel from Droid Design",,,Graphics,53,,"click.com - Retention",new,,,2026-06-19T01:23:48.000000Z,2026-06-19T01:23:48.000000Z
1529,"The Print Mall",,,Graphics,53,,"click.com - Retention",new,,,2026-06-19T01:23:49.000000Z,2026-06-19T01:23:49.000000Z
1530,"NGAP GRAPHIX",,,Graphics,53,,"click.com - Retention",new,,,2026-06-19T01:23:49.000000Z,2026-06-19T01:23:49.000000Z
1531,"Briarwood Gifts",,,Graphics,53,,"click.com - Retention",new,,,2026-06-19T01:23:49.000000Z,2026-06-19T01:23:49.000000Z
